44.52884645178673 621.3848052598623 0.016105712642224823 563.0707598242328 315.22543643649664 574.7863673142255 221.4794970200687 593.8747409660656 97.72112024429066 691.7998021387037 111.55278102191409 877.3600622007027 -34.77975790056264 31.805809498334753 99.47075046468225 -6.704335379863835 0 0 0 0 0.9808850623762175
165.57557385539295 670.6505207791336 278.43466561463407 657.7319138024261 48.80297535907927 812.5711016546395 135.9511489264062 661.2519647914887 123.00680867339477 780.6393198296792 342.08999550388234 758.5145831686397 -97.42628118203689 -81.29132814205138 -33.70042724089748 32.82409621936108 0 0 0 0 0.6792099597162136
37.97196649158216 573.2568128131254 156.70140132030676 542.5137560690529 323.5150292438509 883.2023415589495 186.02332631886446 593.0452402772638 66.3271951421324 722.4886494198761 314.0988980203239 695.0346713515694 -44.17282776637648 46.589067178312916 -97.98602335138382 -9.11639483506437 0 0 0 0 -0.45715391860045784
130.7580413179937 797.4300525867208 166.41446978585464 771.3941400724383 272.11415382749766 755.3231875936565 177.89405794446085 715.3891027071186 10.183405297689575 514.9118750356898 44.07555037089859 655.1311491283143 -67.37590682537093 -77.25690685997834 -78.29960383062635 6.340109990866765 0 0 0 0 -0.276208900385707
102.27585947852687 732.1565172682618 282.4255426187311 811.8045976215319 192.4115630838496 834.9725987338692 190.6993103188855 579.3941517183722 44.62083141297398 547.9938795105493 150.0467844293576 566.3046883288696 -50.55546377879507 12.709636964213857 -64.91949938541842 48.63525454944926 0 0 0 0 1.5243634389624519
75.4640005183919 584.3717677336441 339.2302882157373 701.5013899991143 321.728569816203 855.3042816560912 0.23621162531206163 555.722669136538 40.59645760435985 887.4206061095513 248.75277770511545 642.5566567386104 59.42198962710091 48.589699888484915 50.39845232188057 -65.09082363609207 0 0 0 0 0.2374622262220365
163.40475073715223 556.183201787694 22.334195656250195 894.7274516112537 187.2580620896179 687.4743337210956 250.6515610545071 807.4548236571411 319.81375067903224 690.221376399007 318.1357637177189 766.3970726297213 26.298006833443694 -22.796613154606348 -82.64079573412295 35.47592656984074 0 0 0 0 1.2228598888203095
332.5699444884259 898.5967192660128 76.43306222798518 500.60325169337136 202.70075568919324 694.5953897061834 266.67663158728095 872.4506303088469 116.10536598512432 575.6125181845572 5.670027200950107 893.5281598738479 79.7114496651007 -8.760314419900013 37.11216389549247 -29.69483018983223 0 0 0 0 -0.12043921416717784
1.3802628054789468 895.134817616391 117.20713622270513 613.0171006266796 40.263340702127735 862.6656619270618 308.59656388818854 747.9622908933871 264.1762344650754 603.6439130583515 233.36554576054544 710.9599310511474 -93.36986252070201 -74.09532137883936 -61.20614247614478 -25.965373352834305 0 0 0 0 0.7646431136113981
13.21961875980846 768.3503281182877 268.80827735567874 810.9023868440238 331.08648160395376 665.9653167606788 259.8222967252995 509.03695935301425 159.12268356448564 747.8749724356599 309.0393669220036 615.6192818988909 -27.24595260191333 29.1220080549773 86.42671630841318 -37.47356337660328 0 0 0 0 1.8323430966538776
322.5800961994643 774.2725564083602 289.0371511603892 744.0548712240648 61.18161843403955 609.8674575698168 102.14175366647522 799.5549185192519 284.77471688716145 776.0904926661337 336.32625175825575 681.7334421666237 47.2741474467137 -90.9687776302371 88.86440633638293 30.323686957976832 0 0 0 0 -0.45921254881479956
148.2831780173624 516.1892667097375 69.76057523506375 811.3412484976059 268.453100704839 766.7395613078111 259.81724164323674 694.6245323156913 70.37427597907603 628.8381234965284 340.8453816447529 763.8172696297995 -95.40129247082298 30.976238660504322 7.2115015489638665 68.45842616758807 0 0 0 0 0.8579676833282261
3.5343712940468786 633.567685597668 98.47666731729639 796.6161865477093 200.3630350937395 715.5335866596758 272.15435267922845 821.7281462744329 359.51997050364076 529.021203571278 294.82488186791704 501.3017006935926 97.99377364759215 -46.866894523996464 66.0012003182033 -45.264340763227295 0 0 0 0 0.6221687475271597
64.27702704478656 618.8137145510013 112.09098232573966 804.79061813718 126.10807319245184 665.6074921635648 76.9815293073183 641.4851725807821 29.33039596798798 896.9627695795169 322.678439090397 544.4172575465458 46.74653506037535 41.03828146017952 7.21842521694613 -31.268166621894693 0 0 0 0 0.8500333793771172
250.40298848005975 555.8658931677279 106.64094642238852 667.6937036167791 269.1964103181512 623.5520079022953 215.72314849928256 889.308541409725 221.83421624359568 714.4784630418837 107.91983306539032 682.4635765228912 -62.042709287158424 -70.45043445944985 -18.45146004385292 -41.472369330577294 0 0 0 0 -0.32025500934672835
22.181937833560678 532.0649002969586 18.99042820417023 578.3200085873469 185.6303909183213 596.5841697917562 124.03310296050742 641.8793600528219 343.65023487496984 744.4835140252163 158.30695456982298 532.3859556411804 -72.22556315586877 13.343405123463128 -17.32501490459488 -41.12853823817102 0 0 0 0 -0.12940283322545776
117.73739977525216 691.5184229665787 218.74265017891105 630.0202791209623 94.73464108567198 726.6940801887305 207.0723255401721 833.037723088758 56.60828361406142 825.0228713805022 177.6708184730158 810.4511106777815 61.911747092981386 99.20032567791091 3.98316941277146 -41.24950636936766 0 0 0 0 -0.19905315547735514
297.50138921694287 868.3702368422493 205.24977135177852 592.3103590871443 202.3726186035803 511.7934665374185 254.722974176134 664.2217196616352 166.99671302355938 552.9434717824884 112.91863335381849 791.9729409602123 75.2417174270416 72.05711217382321 -29.94583630303839 83.1738660934167 0 0 0 0 1.4089514825709148
299.48265240014825 613.0314027449818 177.82903106908594 633.3947069350892 128.0529512961015 641.0333880265363 195.19030913296038 751.037228327496 88.65475695102144 821.3046162372311 98.3639951630576 705.2541664294424 -21.142276431437708 1.6746752961639686 25.59547650474387 -80.01064287374102 0 0 0 0 0.8403406621179246
269.2500175748405 619.9937964326414 50.79055473438583 532.5423384515793 213.3994911189744 586.8979268979772 165.12978159871352 585.7856886461716 344.0222901648515 619.5320053192937 197.1711587447272 589.1797503101652 -96.1361960821527 41.31146767596695 1.9013641040188816 -16.574446444024588 0 0 0 0 0.5353202853596151
205.67282198614063 890.1983385265755 304.3724280086243 784.3405791958885 355.1774217367142 660.3204247864703 161.68103695557443 799.3612729790214 352.0647726834493 553.9959434492528 37.01160889396854 875.6361555116445 83.65551459299388 47.97942764672257 38.363882102620124 42.43366181907885 0 0 0 0 1.9470688429739673
217.571624207201 658.6896997666759 81.12436239221384 639.7957413051585 105.7230651434004 557.6322184091696 102.20506169336228 840.3479179926862 151.9990394513998 859.3133097455516 97.41764226656768 731.5172392625701 18.02935394036946 -93.97049002135196 -93.39899404107219 77.40837963242481 0 0 0 0 1.0443594939850898
120.92349842203811 506.00651851617636 233.87557085624937 505.8532589842754 60.52076760851155 696.2411400683734 65.54138436480194 691.1009538530445 188.89287171440898 522.7047131908106 156.65361406993927 699.1577540736796 -79.20803220006445 49.025191092489365 28.354384242436737 75.11213473523969 0 0 0 0 0.3732031559801987
87.63391039333996 519.1697323309077 346.2430719118719 887.8079192853188 41.72436175431774 514.9716547388786 230.98764737379818 695.1638081374764 36.476816696933874 648.8450568575897 77.75915400943998 618.6512824800639 -72.6235236967691 81.30695720850011 -4.148494871237872 -26.47419568369756 0 0 0 0 0.27177272979439976
192.22819082678902 672.3595630504802 78.43143114744358 507.54576716366466 228.25104544257226 780.3914824632689 89.73928925019244 837.0021835237344 286.8019181668404 682.9239838337882 124.56582939869534 889.1904980656823 7.954241307701665 67.01289314697695 -33.324674654121324 29.589308500474374 0 0 0 0 0.7372804870124384
295.59146359784927 657.1407068340563 136.9672584016975 831.4809518492568 79.63329084292018 708.5136885756974 304.23230163078136 861.3358024001604 211.6474406285156 769.0555351888063 23.58904931519347 608.6847251534122 -95.83826353237366 60.80873538684716 85.04892508723012 76.226087515703 0 0 0 0 1.2204152654407787
24.199587374615245 879.8064383706155 206.73388457236933 666.5245683797967 118.3950918926348 895.5680376158758 247.34381683210094 596.6766234266805 138.92028510262566 597.5171041623868 99.25866441988677 872.3309600373859 -74.67155851547966 27.32122035220783 -64.602978822791 15.098555648615445 0 0 0 0 0.2597640535440726
262.13592630456907 811.8641832582446 324.49170498650795 574.8950246946841 85.33020661748382 552.8561964710022 215.69518007629452 857.1513699476542 27.743902450391232 655.2089548250867 151.84400634588266 502.41202953075924 13.340418701144003 -94.81194254699874 62.34626145934848 33.946030431271396 0 0 0 0 0.16433796548343732
334.7471689969279 545.2246142970461 128.50383870171464 681.64003094132 180.58452949190823 619.0248814519905 185.34370610271745 693.5292451070973 297.11643433545066 774.1209590403181 137.74253252084748 801.9651542913625 63.52651879932364 87.51889027536072 -4.3623454163523405 -0.6844154994640945 0 0 0 0 1.455442214911467
200.40596248628185 851.4150363720646 146.22468873972488 764.5015853533828 287.67773098698063 672.5825027054627 85.27914896461549 714.0118712241084 274.63123735200935 502.8967404275553 182.39750479317416 842.9921985766606 -68.672349438597 -43.32104441600229 -94.26992734369921 -1.0014599487164304 0 0 0 0 1.4805317706487577
290.92159285380535 687.3874902218433 154.2080137964676 728.3931830508516 162.94747517782253 783.8167638984438 358.6991575512331 815.6370904832755 10.466898174338564 688.1943583815209 33.88713090453279 856.8807563575098 47.18051180242327 -79.42130391499909 -97.58060047498401 -28.78722827908969 0 0 0 0 1.9067540012764403
207.79610362009302 528.8659475267425 152.5259419068442 602.5887113500801 145.7060645580818 852.9673761367344 82.96668224306512 517.7235312391376 187.15463409876983 814.4455210143792 205.0443359821256 503.7096498442466 85.51618357069341 -63.57591503223383 43.63642192168723 62.78932805313838 0 0 0 0 1.056110841458624
323.8745569369723 697.2084786823805 318.93388858185466 625.6660383638389 189.386057499367 894.9659177036818 306.1697716403362 657.5863073597137 326.6530348466334 666.1250091248488 234.73111975735824 597.7500933633193 -93.04417234620918 78.82999145607761 -4.702829801695856 -77.54470856729294 0 0 0 0 0.3980353829406966
280.0217157099286 761.6315756801448 256.7040458535055 822.9343461841179 254.26708482010358 601.3346781715829 49.712334133944566 571.5639983578596 315.37237054423673 586.796626777829 339.01762222988623 513.6694395786988 -2.531484502891331 81.74397141150027 17.89105535060918 -84.23106963443938 0 0 0 0 -0.36211382370501166
258.7401178963761 860.7661108150244 89.59241693230217 525.1007455984536 266.12120511392254 668.164858576059 10.15842165575707 821.4478577037464 197.94360053403452 825.2292343172738 349.2895856226361 761.7674209189723 -42.629402869847425 4.240411569979557 75.90966351398524 42.609524358376405 0 0 0 0 1.7082248499808534
31.34151426208804 702.3742066991202 250.1096904830973 726.9880408154636 154.36849170736042 680.7109355162545 302.9780056319104 805.7109848568219 161.47835250201894 844.1284146782419 15.413907954789249 784.0570677483573 46.1864532414493 -34.207019665717596 -73.74290259151736 -63.93110331220397 0 0 0 0 1.1571981626086993
110.1538892107825 511.137111512894 89.77200211348998 879.847620337077 44.82022942936245 581.6492187425418 239.37902366325184 842.9999244854504 4.732025871662238 603.2788181057856 357.3049651559565 711.9265287496523 1.864609996117565 4.440506676072388 25.81620993368378 46.04527888592921 0 0 0 0 -0.772638998948338
178.6296824968646 797.3231842908824 338.0470643844922 728.0950027914514 215.53284502931777 526.6351257281897 327.1345567039033 689.7144600308048 347.08055872853 849.9172091181208 170.15660408786528 874.6610507157752 -52.18280152854573 -31.45875791174018 -16.427909493975918 38.58626147838328 0 0 0 0 0.738095361472282
357.68324081386265 573.5300406008229 58.473569262936365 627.9616527881251 233.51631991597822 573.2356813677766 102.53963297005507 620.8414880112551 67.56748401129909 587.0493320544796 23.14193396705258 784.7598957521359 -12.992189218230237 1.3275470632292468 -24.12853919865252 92.45201251435262 0 0 0 0 1.559145711958935
339.82020434392746 584.9479337615488 322.1102238728082 622.8264361547681 45.71050763004981 572.8512124838558 57.897599820207624 895.1845881103808 36.137175247811236 870.0890334512403 2.0711760021990733 840.7360450028274 -30.468142992203923 30.728386284158006 -58.21922587497983 -36.41676247882042 0 0 0 0 -0.1208680954618323
260.55225514133645 726.5704225040806 270.73305507751707 863.9900088123693 149.1390711126976 687.2876834648109 95.72846770626647 526.5601624927165 45.18422968634279 521.4677514955215 76.61846064049065 585.2045129118262 82.15945926247485 6.852854303514306 13.01901919742798 72.13384162017414 0 0 0 0 0.09185702668681994
131.07315372283435 809.0450648841841 320.8004696028348 518.0885111432457 199.31662461806292 606.9869718596353 11.601533086071267 808.4431883358722 234.63858860607982 681.7722560034451 262.53596622698274 546.6951367978074 62.531298062773345 -43.68604785610026 -2.598319181441795 -55.15824468382864 0 0 0 0 1.5693530867717131
140.38832915515297 822.8065949731148 26.87456530215005 529.0649562353185 137.95687654960292 541.1288724535661 344.6307188017297 741.7068823605264 59.28642960773969 658.0767063362929 194.25766445014239 818.1929963908427 15.585940788751529 9.714861253999345 -5.382844456952299 39.51182709154463 0 0 0 0 1.292681763590069
189.19707673049382 764.7414234308054 204.61415452690218 852.4800052439203 6.586351284714178 837.7878678062477 353.82464092052686 642.5365447858679 120.97688645138531 722.6359740625553 99.61207801175432 878.4464693745614 -3.975011296774227 3.637498164525738 -31.09264858622778 -75.0533972420053 0 0 0 0 1.4213890401158964
157.1119541623179 640.419731692333 41.465052466905846 665.9924754674373 117.69562390286755 771.7170624968089 11.670204957353283 556.5605420162365 216.39488024794338 578.4183537967584 245.9397983737435 509.9300683086089 -57.44587669186829 53.351402314827766 -68.42973205533283 -39.38883786227698 0 0 0 0 0.9836299026620067
174.22351872494863 811.6644691672384 338.04360860127616 793.8653011209719 58.14252819730266 632.4218559161418 52.20937951451572 877.9850073513618 69.714796789911 721.7075576407141 16.939736038780822 722.2375011677016 -56.48888391097766 -85.42243024491121 54.12019703713514 37.68636816096824 0 0 0 0 0.032199638600373226
120.50457745341951 748.1460678832664 152.63900193977284 524.3551981651801 298.6383786243492 852.328909139768 97.70842913212805 636.7744086167606 210.77346611392895 771.8523889472767 62.69134131685241 563.2283647298707 -56.21351452342418 92.92703977749497 92.95484866007769 78.79618095826777 0 0 0 0 0.5471574090920804
287.6243384412992 702.0002048225491 124.2760829281902 520.3123607244972 89.94264136503634 737.8208770463898 4.154912320112891 824.6192708691424 263.72846582581036 555.5251612592592 12.336972092746459 893.850185918048 73.35570770991026 83.94146391186783 18.90293628740696 -91.6981111621137 0 0 0 0 0.6213109849378505
91.62201354770328 746.3415174026574 301.484070457864 615.7898988548286 359.8934146573005 599.0577383083069 23.124258470389503 884.7404695329257 341.3105174240192 532.1531777807413 321.6966263275036 678.6770820221043 45.845480334424934 -58.58354440425329 1.0857926032966247 -80.21304988223217 0 0 0 0 0.6186519209109924
127.00020190367393 857.4276879687976 48.713979547535985 675.3402259573558 220.3972686471778 891.63565017082 236.3308543294176 634.1555351571512 118.27070852310506 800.8327587483989 207.36807901982291 692.7464206497641 -96.77482091085794 93.06029617150313 37.67903177447411 52.73182178454513 0 0 0 0 1.4336550451430163
314.85979900136135 774.7844173264596 338.708029503638 734.2942052768325 356.7215027927219 754.2240067303325 42.665939325022094 529.0196189601484 177.8319710639333 834.5676066453595 92.47791618099004 610.1049563256828 -9.726730352951861 -84.62268497150534 -37.62460050272676 2.8610119416772477 0 0 0 0 1.2882213981256616
252.48189625311142 859.7848397907821 274.1512413794279 552.7175234655837 218.85001091194175 782.8950001344223 243.66296828882943 832.8947927061022 279.03208133617284 760.455959644038 18.891351985199204 853.7747491449203 -40.17281849988492 -83.41443589515563 -37.41034864812809 -52.405660905482996 0 0 0 0 0.44388279333926706
248.87948924007708 759.6247105887321 30.607783305143382 661.5662326718384 281.4220464445654 758.8881750768503 201.07417184576124 581.3302365176934 53.781960060134885 515.8183310239066 173.46282881821628 806.4185949368048 93.393084777859 -49.066640941662065 51.223156170102385 80.16586981199484 0 0 0 0 0.9354665332723018
206.44184694198938 751.3099820784096 310.54278511269666 792.6044097380222 79.87006754411568 650.4856612071126 61.8996797421608 878.7887592410934 70.56372232019858 732.1751063796034 250.48909169845214 870.0169975246583 -88.34866752540889 31.927077529422604 -49.86765087435248 61.45879667738791 0 0 0 0 0.5655564166327602
323.94360097752775 663.5277942814204 76.60529981828677 713.9416992324315 166.97135969121146 646.2658038623655 235.5834987897186 598.59773179179 152.6023037929102 779.1921608516643 220.6849325819103 604.6207308101237 -90.37914845724197 -45.29169131876325 -5.498001601467479 37.33543791920323 0 0 0 0 1.6142569583220436
0.5422479341115949 749.9785064886385 286.48881765526306 650.6629223516752 186.15706539213954 805.0655755241056 258.4787567317177 642.8559232895522 204.7546768224924 582.7410558193045 334.97094118947314 879.0751156518231 -19.003439387677545 18.37526881858895 -6.7814499206515535 0.5982184586251833 0 0 0 0 0.31247356465711573
29.17712378559323 593.4427945161899 107.04482955190632 818.8088295415274 89.22311899852207 886.9176238702222 246.20738495216372 559.820023989933 73.64052931191011 671.9465906097508 357.9408530887437 885.9799775391066 30.96247368752094 -80.46204571187911 12.706492239435278 44.54316782926 0 0 0 0 0.538708447587386
324.95399079644324 561.4887998304614 128.21763469448186 744.0540525324864 133.2544652616589 599.365012499218 96.70062163308866 710.465943531701 177.7378118170479 866.3903312602205 246.18975767316294 524.0671558070403 -58.573385048247026 -18.301981269193462 83.3410640388233 -69.72141470069187 0 0 0 0 0.0554878929001148
79.19841945086993 714.8452238645601 348.33173375252517 599.7454141390035 67.81783225258141 532.3685399228027 209.12781207756555 688.6065389970172 184.35513606738212 874.0517088110823 68.42516474961653 761.051685528384 -85.23342828044926 90.30912629597694 -16.74316071459603 -22.68980272540915 0 0 0 0 0.5868289288476255
51.8093218531945 640.7225931577145 204.60364628012917 593.0783574401597 55.93435810210841 857.3847533334229 44.01269195893927 636.8322779201728 118.65939157147236 771.6485829127137 128.67854643392928 717.172464135778 -38.9937095373714 96.45654060042452 -68.7576835827607 -93.24640127284911 0 0 0 0 1.1210434694693214
181.0520348734589 828.7003626803464 122.29397865477155 885.8891526143208 181.3394676423348 631.5978436627054 26.788443851678124 651.6106208375348 114.65395612999757 845.3989659326722 43.368343668702195 803.2060899931776 -88.010891407919 59.744701186631914 96.88617073863898 -59.50337844759637 0 0 0 0 0.7176806118467259
34.532443601145026 510.24120758012714 136.73308561880182 576.7722142589671 359.51215883930354 552.0966737225318 255.1582215574372 641.9336812240524 25.166966892771807 593.5060452443031 82.77315854553233 577.1270055803736 81.48415381554574 77.78185514893246 -97.48006027559511 -75.81246434684743 0 0 0 0 -0.888436948505064
212.89343541833512 588.1776115505589 34.97564837365224 771.0914139254047 202.04777090736894 666.0211159815775 79.84290100343003 518.2305395004764 71.8519272098985 615.231694611258 196.722575314764 871.0528076819353 -75.21044820709668 -79.56763436701956 7.0477281930821505 -69.07104267705307 0 0 0 0 0.2504573294500691
51.773585168986074 526.3514896691723 197.69302620439723 890.9187774112542 82.44557460913406 710.0710081920581 72.92969620956228 687.0059320306722 26.545334989842388 546.1832811803939 75.25298921799855 592.4595740902355 25.926393456868226 -23.47864066266547 -93.8815570045046 -47.93170487445779 0 0 0 0 1.02312986989969
30.23782447427438 885.2156038182884 127.65803701373142 532.6317704413224 170.2986277790509 676.5607081244315 86.9811022320316 884.9495824440048 61.81262008926248 620.0288885186538 245.78532539512813 863.4039308971385 3.797673836293768 -42.82545481663982 -50.3374188314115 -23.118721200560913 0 0 0 0 0.9402700037724325
123.33035577878029 795.0813477173954 120.1698466762709 749.1393782144091 99.23200807671718 628.8019456823251 30.24930609910603 877.5729852046113 103.38400639069373 705.201313787835 247.1971286227639 623.8533277445283 -93.5576743788077 4.227055575499733 68.37150852333133 -21.202105596616946 0 0 0 0 0.8057728297687685
189.95376642819392 676.6207103092929 108.94503824441409 684.8156101445039 10.683731656570732 604.1298518239353 61.8843981261105 806.9334157264469 200.73620586132355 557.1997139621603 275.10460858894993 684.1044178938165 24.201331109659336 32.586549150581334 5.507011549226775 67.56341742738528 0 0 0 0 0.734321206079322
141.66853434370893 548.0880585158816 101.77217890299544 532.2567221093223 237.51588085926034 526.9913795634444 203.73856983988864 853.5099142028437 159.7437504538602 857.0699276533884 250.73757688198395 806.877824210914 51.475101189928296 -0.09083440981147817 -6.914352315530678 -22.495677399373633 0 0 0 0 -0.09256193001463264
59.962261100816065 651.6928784218568 337.4128138631715 623.1282810892623 275.45692629216774 569.6863185707532 7.342664759550024 521.7511463191801 333.0379455960355 621.2586534905658 78.88123168254053 737.9914306752008 -40.76383947718008 8.627635611259365 -59.859834336021734 -1.8013866619979382 0 0 0 0 1.1823306064754555
35.35229496364913 613.1735383275493 303.7127825727687 613.1400440361869 5.771274019076347 823.3028699277394 6.7647055392169175 608.0895771687051 262.4290956905563 631.4687080375332 183.91626794291358 609.4624125233902 41.66991774038215 65.24260144985746 -82.32542670199001 67.68880326352306 0 0 0 0 1.585779240356982
107.38916499777605 590.5897260924588 1.8014158625200283 656.7040426826936 17.50099223985082 555.2405267869549 111.66162416277109 812.8777369396462 80.98877254275357 609.0149557902885 199.48397416443262 518.4610486301718 10.229605745344443 99.47978961154192 34.14707813994801 -1.4165325961116935 0 0 0 0 0.6231551745048651
169.41943310190356 895.7576588966558 184.18933182762208 538.5549809607488 267.52934115454764 880.414034817913 257.34038247380585 500.20569888597726 24.067379829516153 710.2828480202309 316.46666324222576 874.8525205065984 93.70867243151 29.173427443191258 34.0867490753744 -26.01644837077606 0 0 0 0 0.7172517305520714
312.2170126613587 546.464208384525 340.32893024487294 789.9258029554791 102.86893071367686 808.9897715496852 52.30774794443789 736.9392119228082 267.47893782007054 522.3979627852091 88.20754281614775 514.227020455027 -99.86505420931395 32.08694103467761 41.849378327796416 -7.46187055637246 0 0 0 0 -0.028873057758433296
70.02234862805771 717.7904309454174 205.96379650918624 753.9139833154308 167.92169902217614 653.8107560425808 110.56172380207737 839.9741493925467 160.7572157117146 548.7688221257985 102.0780779668717 790.3529261534158 -81.88770941276357 -73.12858710171501 -10.460886295401096 -17.02657873588565 0 0 0 0 1.056882827789002
204.31552085359672 583.6435373354198 335.64931711677207 664.0157131940028 232.94113135926202 827.5015238768332 284.67762930917144 660.0509624032024 356.2119044316684 655.0791385746246 137.92026941504497 846.5525630635723 -86.05021596428182 72.40189446808435 59.111876515983795 63.68269408326387 0 0 0 0 1.110793206527078
134.21108333502366 754.3347501573961 145.43663445688418 643.8349262495383 256.24934183625 691.9394376387935 305.3277443115224 753.2985188672674 129.59948535396154 574.3170912705568 262.3884470198858 784.6346262406757 -59.436659885406605 -29.458771871898094 91.33409585050731 82.31377243449006 0 0 0 0 0.718924367601224
304.9930110276237 519.4626936041609 228.92183392550615 857.665368292983 25.587041421079846 539.8567180989553 270.6974816654928 882.6979047075985 339.56825685589365 682.6776929026719 47.01956048131967 875.275787673733 -69.81449249788622 77.16140373609639 -54.780379749375555 -1.811150747723488 0 0 0 0 2.305227612139974
100.61306454663519 709.3872807793235 183.78042250985897 757.3238647443725 4.297666829767337 540.6171320919327 193.83109010216668 557.887891837257 55.74403607054967 571.6925247231123 216.1073529572404 573.6392981895631 18.97913877299419 65.79952596796534 82.10068293407141 20.050333336466124 0 0 0 0 0.16695414138082998
357.17789597075864 516.4028219921237 345.28093612995406 535.3279664439801 192.51666514186476 754.7531079654889 69.04604517714544 743.854829001769 65.1886628535146 732.1141234254535 57.84857429122054 574.1316202148016 13.652488640537811 -48.01223125996075 -81.6961187626952 18.104198687198163 0 0 0 0 0.9950381450998175
56.498174617911836 829.7807187429066 76.92988186986855 582.1089355504151 106.21202426042056 596.9158836520897 242.6939826408627 653.5341906977146 186.34105503020584 766.0369749913062 307.51388598935876 642.4967199709565 -77.53532405150965 -76.25732702808934 72.11198993172414 -34.045354463602436 0 0 0 0 1.304218670416276
240.4382267523818 789.9264265920149 319.8967848891019 657.1740503284188 93.24352780415612 718.1262275583886 108.20661604357025 831.6970540519344 37.44329552924529 726.8281538181411 9.929761409701147 872.4208203416083 65.09336074211052 -76.63103479020046 34.62495383109797 -48.944812894035024 0 0 0 0 0.4468420742723833
139.6456209514296 875.2640062762904 97.14405287385802 814.8411036580121 238.25719713416456 649.6262105068668 145.22216778550586 604.1924095759023 38.88897149221984 750.264183556083 51.28561740422987 786.247303947537 76.60926244555765 84.21241396662074 -18.42910625766632 -25.500707811940273 0 0 0 0 -0.8813175190137987
265.59197603122635 847.4066018491004 128.97824411257844 625.4975040158911 116.64503739479316 627.8512548000743 202.61526891358244 514.424651119981 244.8412544573185 614.3204698096364 143.26872404187574 841.6085241106005 84.44326251087705 20.68672963616902 -72.73845068440161 -77.69449030951661 0 0 0 0 1.3726681250431407
54.636236555741256 514.367078555088 3.2957911451187805 700.9639776470817 122.36059111731282 672.156517537231 212.54872570181044 797.7194308297803 27.47439821226889 831.6129004675663 296.06724111063465 529.2691414199952 6.087358004013495 86.4609699509412 -21.274320354016552 24.008778564032255 0 0 0 0 -0.15710856486014102
1.0963264755282376 877.8114010362831 53.040789090028554 545.7667489235512 150.59947711421364 863.5043079234872 128.3598263416273 589.4584932026618 253.24487755491384 806.7774101184448 247.86371632169062 744.619912197277 19.627443296693656 38.31774773736066 -18.859378176397783 99.3793288652003 0 0 0 0 0.1131724270311506
96.94033437241094 697.6969696246325 260.7508820856518 689.4454997946218 317.9929396435707 856.4068696056137 142.2016361535098 538.2727939110124 290.0296134665889 673.630726263356 54.12950234448063 745.1005572136465 42.30725247770715 -80.05671399940364 -95.68677980896796 -54.74457913674902 0 0 0 0 1.399516094088515
21.13938551473653 568.8434674206029 354.88001966085 732.6964367481692 232.06922607058272 728.2009386515283 115.28877040059531 533.9856575499851 290.78601127390004 754.0166412122 140.89819712499204 564.8082859963394 80.07019972861312 8.181886888820557 -45.98877881209242 21.87076135166106 0 0 0 0 1.0658464468472821
312.6560841321949 557.2157974602416 244.7058351059992 662.9411266425795 289.65177418680037 698.1023518009722 266.01292876233055 720.7974586265318 111.83111020576453 772.6811613113648 84.0338834932115 814.19206744296 -80.91268014801344 47.45245789974783 -76.8914379738238 65.8533669197345 0 0 0 0 0.7538781931155691
136.73632559026478 542.6861282385796 180.689067141539 647.3705411791224 321.28488699075007 584.2576900932996 180.25266693984088 802.0052227890044 300.0053878100926 643.3766553827795 318.65702589013915 703.1087045731826 49.43966340235343 22.24456859954722 42.934159448758095 -98.14597286963034 0 0 0 0 0.025852195439486025
130.5994114837782 795.8875500205825 186.22071032832122 836.500948903873 56.44651444627215 847.1818678842244 124.64683373648033 869.6536668427111 327.59194651110977 648.6028162568404 215.8607768836744 699.7523296968994 -40.92815039354885 -10.225710434917318 -3.9124905985495957 97.87528512840558 0 0 0 0 1.452783150884609
163.18373117905705 656.889810140788 266.89377365332155 643.5606402508344 90.84541130881858 756.9405962982889 130.75521542224652 895.399827767185 327.2825901423991 820.7394419520194 198.49391522316506 744.8184568064707 59.14829974484746 21.467734576754793 57.923367751804136 -51.7556919535713 0 0 0 0 0.966002881451705
275.96715353630213 692.8325973998453 35.66440118935712 834.2482916341007 33.75399862710219 751.8715399044331 282.68168763783615 583.9135305567418 118.02201100518536 844.0348364375427 349.20754850907167 533.5537727290939 81.38367556269591 35.07310038938405 -74.99249604410092 -84.41527075318653 0 0 0 0 0.29947846142908313
81.6581550038989 814.3904642858919 161.27359280642065 778.8477548938231 339.89713864497304 625.1388851172585 134.77915764990124 600.2641966280952 152.7024123394942 535.2109651863937 356.66469921516494 727.7738349207536 -71.12958310074958 -2.2396377233759495 30.212199261677853 -21.53831913925272 0 0 0 0 0.47926550014826663
178.66800214974822 599.2350503742081 39.65531042056221 881.2547599337636 279.1504173694818 674.5506244120104 197.7773525057543 590.1922028326402 189.22100653224655 613.8074376478725 105.22453515301041 668.272778143927 -58.43081272188686 49.79303338984772 -60.29308411693177 -84.9037109659406 0 0 0 0 1.3729254538199334
275.9657752631365 519.1664977446965 144.83818157372636 840.3779569033396 66.1603184824934 718.7302585379194 45.29862009272516 563.4123120610583 318.61474660420726 862.9648782776105 157.95402421126045 660.2416673907529 -7.7089448738411335 41.47479567589579 18.674392392479106 18.03502141736702 0 0 0 0 1.0316646076633154
52.752941460402106 832.5003920141933 351.24404987464004 705.8283054955172 142.34896493152667 709.4393837646389 131.9119798151287 893.685089964137 134.60253871422617 845.5568529291879 111.00346261061732 754.1033656585877 -30.796921235448522 51.265763142499424 62.910310696687276 69.93282377819224 0 0 0 0 0.10360837416035429
134.80545516965026 791.6816195042421 302.7059633110586 874.5913979736598 304.3003528982322 732.0559523949321 132.9152926576861 643.8558911900061 166.72007454760205 550.4242093567698 86.29085665200789 606.1748330918433 -73.23535065371085 15.583436145428834 -0.22542350810934408 -28.21627888683291 0 0 0 0 0.5863571594235055
66.05459404556882 566.4117242586127 63.39432713399349 544.695149787937 79.27011614741106 732.1546229446232 203.10082198387934 736.3329068857207 116.91313801003541 879.9869613845103 166.64121519765206 717.3142804186737 76.39158394763763 71.23801467728285 60.638502710292556 48.7489975368176 0 0 0 0 1.5796891259728876
210.22960837163865 566.3845642775062 111.85172007281288 811.049312923032 15.49809522114538 780.1922014195553 345.5633598523452 646.4300195303027 166.14936460074733 604.2965055380448 31.4061083651819 847.5263862577605 22.4251838954234 -13.040590258659861 55.726083426666804 48.59311998546045 0 0 0 0 -0.07124652967030198
138.2484837682574 542.8085662603437 316.1592756211057 713.4714530361945 106.7641289331585 889.7086607926692 104.13193869376445 707.0834701470044 111.1337461857766 792.4779983693122 111.88805455027705 501.4558670390478 40.960201695342676 7.797039051058462 -79.07831366369157 -6.319058803982031 0 0 0 0 0.7886175779825869
285.47896959707623 538.6830322950615 339.6942637673215 722.0177150670653 27.623742432363816 894.168943221988 340.1581635383326 876.0276505653563 206.1128584783432 541.5462744841208 80.52116091504266 720.4409015478079 -51.30810141365079 -93.79100839624085 -4.435438837651361 23.273390214616867 0 0 0 0 0.2410219409676692
124.88238187504228 821.6644505657786 181.3273630121418 721.6423810630429 343.19029690301676 508.8272360340976 221.89115573270152 837.972866367566 297.40457600102116 717.7864297638987 178.7022837041917 660.270180691392 -86.62365102817625 73.08606567035085 -57.527281140384744 -94.42968136582286 0 0 0 0 0.8385822488098409
308.09217697210136 707.2417086154265 78.7620373226867 504.77438187633396 43.35460996460987 649.5316360094296 0.6560363074922337 777.1021873497818 296.0517879772698 561.3195683913367 338.12461794249975 533.8154159153701 0.31822013535585825 83.73655394863076 -18.410130272786375 -97.01644254402602 0 0 0 0 -0.4657744326230142
256.96687453006354 864.530229110291 26.656126793740714 842.6494193856754 275.4218377632672 516.8906774471874 142.73836585708983 634.5763859304611 205.39732524690496 693.9369295674455 35.68844081993766 642.0924893091974 44.600937447905636 68.17279697186473 -92.45767010631154 -83.09851741395535 0 0 0 0 0.846430776502019
179.1718311341124 888.8428541697161 336.6849620608554 828.9609543041397 336.6175161322387 526.306755845422 201.8942497223189 698.91933499402 59.47374524601099 685.6504107643038 294.35046964098245 596.2697373855417 51.35493901332288 44.438275451670705 41.63533849030654 -50.68802642136014 0 0 0 0 -0.38124192944660407
159.74875180495644 598.055148737838 143.51375646597663 561.6459777066544 165.03136465943203 683.6974049191201 96.86189372003685 777.7016297241852 235.94850682167288 857.7799994238098 313.8665425101861 857.8398048006827 31.919875459201506 67.21417590557817 -7.03681695549659 -23.1138633556139 0 0 0 0 0.7468874280127001
329.4730575278638 619.9169591077709 337.34511032622356 830.3776696624341 121.35643370759782 585.7859047366271 129.19124861659793 607.8247072611699 250.31362504290303 534.9339999771221 159.4976219620149 790.7507841038403 -68.71276233859064 -47.34068713610724 37.41026902270701 -79.52608786014399 0 0 0 0 0.6678017172784028
275.1470062212424 881.223976325276 167.76136861130027 772.8845592716509 70.53053170940737 814.9538760429539 83.29834158204147 580.8154883914488 281.3551996342712 569.85072777651 358.76272260546256 895.4257565883338 -36.500714415282395 -15.00285484862735 -39.0619457830496 -72.11126316984124 0 0 0 0 2.179565392806194
271.63359077033476 546.3819861980784 206.4886738569328 867.4572716264558 231.28231477693146 577.4697117005074 198.78294471628578 726.4161361047364 61.33722757675036 715.8741170253235 6.756422962153197 567.6858744660983 83.93283483526164 -47.96038268935201 53.555645536986276 81.6151172964471 0 0 0 0 -0.17139031197213728
199.49621241392074 622.0409596810871 74.21032957710932 611.9968929612647 287.0627041149 534.9464473847864 103.26451941443995 715.2285738242432 301.8953649276427 774.0633028386976 107.19681296989826 571.5850199081159 -76.87426322815688 -82.38906622442397 76.6377322658252 71.71155668637843 0 0 0 0 0.7386100190258675
260.65747351975386 538.801322177704 337.025996638968 795.7239137631017 203.0608618041734 662.9672314211266 176.42980448220771 872.1155545644879 288.27666747321075 738.2303395830387 152.10831804278092 656.0344050418105 -77.60266739603861 -97.49865834044687 -8.51875421230082 80.28823204926724 0 0 0 0 1.6016907363886654
33.77683149025422 711.1109833937935 80.9917588906005 532.7095309202268 306.0948976454587 584.3035294334095 355.19587664339514 525.5063887368909 310.12921391523383 875.3148298840377 234.71954677462182 665.3819839136319 44.626853345130314 56.02843624982313 -80.03000343020064 6.465033341149095 0 0 0 0 0.08568113604379446
182.62676638894575 663.7715683441975 150.0388317787828 803.1353545569564 139.3917417840589 677.48676880098 296.8771915007622 672.7598943891529 138.60795689492224 568.3956798295898 117.93699973184867 656.3324313284763 28.347120470659945 73.61217107793223 16.705478569435584 -66.24371075313829 0 0 0 0 1.7910847161081107
124.2487792925782 884.6502606792761 264.3811913174809 644.948674010365 28.795896189706998 720.9818979956935 154.3797166768566 718.1242004454082 12.248022127292582 636.5956665072155 317.31686238117237 689.6917005652624 -67.72962857336329 42.523339042528676 14.06280259087626 -31.796274099637856 0 0 0 0 1.4223325789641366
138.09190989899952 805.49824168133 98.32315278047452 501.41651100028514 76.33448048833452 693.3166858515546 151.3840388000526 811.565766599254 210.7748868812325 504.0880307725951 17.62932427913029 838.0820681283358 -34.52810390712604 76.6726159631271 -58.405139768271994 -2.2681229704789985 0 0 0 0 0.6023973198435854
229.30707434988486 598.3392267260638 119.5622953370112 674.2831326473483 5.528456948164471 600.3215185006784 188.05426017137324 826.7015942146797 228.48817076210256 728.9850855214054 59.538119467898255 873.9488026236313 28.906703827873372 -62.64909562782772 -87.60953054112986 78.48600893345849 0 0 0 0 0.5920612806424109
345.7127536348013 763.3777270792264 157.67540235320627 682.2392176044531 159.98945884757183 830.387190790835 128.9286372792217 878.0296975206426 146.19436722741278 543.3712283288552 94.75048224267222 800.991939542909 50.73586340711512 80.88379561160491 49.89755599130754 37.653635712592035 0 0 0 0 -0.07682198650081107
291.9824215853973 771.659830298364 62.09741028962049 823.6791975686031 179.2732925548171 683.0613400134721 234.48761817990072 555.898596945395 5.614878868972206 761.9084024402609 273.32860087184736 574.0106647657008 -41.122719443980806 -37.58059163112273 69.90149468014397 -41.67868909894239 0 0 0 0 -0.07141808218816381
121.15023976084593 806.3167533160654 287.9380420927698 698.4801935108628 63.87754160403674 864.5714115992844 215.68750782069807 660.9659115328587 254.03364007889243 860.2366679551333 338.1312619440851 895.921300265117 14.741505430161084 -84.20251425225504 -47.31795801916911 -53.519431022354105 0 0 0 0 0.3908730653199658
249.68743615739277 889.2975503434959 158.69343259431136 777.6578798786376 304.86558215242115 688.6547018624517 145.3345873575203 577.7121030300325 277.01333923758426 736.9316220703829 162.08442778855064 520.6911168700486 92.96666223024275 72.69912808575208 60.43266751432935 56.11237157372088 0 0 0 0 -0.4848596502351412
354.2662396217455 570.1692163357194 172.07876383082308 821.6399521291248 200.8640441359768 617.3325036045906 23.865399529860866 664.3688134682686 196.91916592840474 753.3139506975156 266.502447901764 727.2793115618334 -29.92555030420543 -91.8680440190047 43.006883256591976 14.184516795218329 0 0 0 0 0.09683204970481252
331.82566218129136 673.461061605185 265.89614133538095 893.8878569220922 145.5290378694172 610.2368207846263 197.23046829401036 555.6015247106028 140.7081428238877 531.3783716219613 137.2830871001269 548.3115436946869 37.393477262162634 16.015063872423013 52.742093145272975 -37.353002776427324 0 0 0 0 -0.7074490421608479
248.6482980563926 626.6787993811013 6.1328584511075235 547.7728348541073 85.92954788833333 844.7806828607202 208.33051180424826 734.3268467142875 306.08114867982755 566.3268666497161 175.01749507057156 880.5635833952985 16.020630607233045 84.50445652007164 -76.58851181504438 -11.460658349549362 0 0 0 0 0.5259277850066807
137.6800136902307 509.488610852434 185.64945898452663 565.2826554211551 160.6564691215902 671.0846928365091 308.720512111012 525.8037065564027 63.86148959491895 780.9329948214979 257.18262765731566 518.8617063236653 9.133033156129613 -24.355728967743786 -2.1122587431897415 -91.70419858711904 0 0 0 0 -0.6875489500888772
302.80416285602666 744.6542258838853 165.9783268774531 879.4165521391001 44.55415479383091 863.4104423410442 61.00538406992636 608.6543021192422 47.86820525684952 773.2483338866575 259.6380657646779 709.359096326928 33.97873514337485 68.8552946121606 60.60045293370072 -37.21620481567203 0 0 0 0 2.1642972187164924
355.4010983344616 645.2235293298284 33.870155345254446 664.3865581867024 134.30285858384477 810.603590011913 128.28019524673869 849.849156358037 184.58903009886757 742.0752673817005 326.1101504044117 587.8155712576324 -88.06163670494615 -23.986007475064383 -67.31708701274779 50.23436284734572 0 0 0 0 2.1197364522018853
341.26250915696295 626.0575537072108 97.56884181091922 878.6646489308539 225.64791995636352 648.2629658220454 163.36845811093457 730.2644415632299 81.71192509226648 623.021056223619 223.70978733572616 653.6863331683336 -88.4013180350008 -76.55076095208184 -38.11903503797676 -57.749367895617645 0 0 0 0 0.6573799018182974
242.88079580280979 585.0412881065956 40.00301578470546 779.018662668773 278.0209581927832 546.1684238534657 81.95868280677048 541.8135606983914 211.55273829433966 812.3455658515204 305.1365563383466 622.097384939045 18.467532577314458 54.367493594754535 75.28648039010451 95.04567833651222 0 0 0 0 -0.13146146343979948
236.28712703815657 767.3407093346959 94.82823550176762 603.9440914705467 306.1304580126344 668.848597897642 294.5224495466989 644.3469960262418 345.7997615013585 636.0566592137394 273.4947253379663 581.6938628669272 -50.109605864763786 -76.88465333749288 64.14025315523904 99.22284715934083 0 0 0 0 1.8532296157035537
330.5524399747237 720.8274736510955 78.22936592940364 658.340493222131 24.852256501948382 593.6569064580591 332.3729902664585 656.9676034322486 239.0907776681659 724.617730570693 117.58517025669964 876.3328840199779 3.029234034108441 84.37331921217626 53.189003747730055 -75.8123632840269 0 0 0 0 0.24702627909283276
155.90166561192714 882.8661016263159 162.70050591525845 655.620495486634 347.24835873429373 760.0753552778342 348.53271290476454 832.0880479234106 302.11888376629435 848.1817723459695 43.797649183959464 618.5006163549201 -74.59329152095293 0.745171992529265 25.727033182030226 -22.031793650811522 0 0 0 0 0.4835972012242775
276.2066876184835 674.2551855038349 71.5850040251681 864.8239575604572 135.03689849577756 685.6982033430636 249.75830961072933 714.2681544922907 172.089641622424 731.671893667539 156.5698486188356 648.9617155029464 61.97165735084204 96.74017990491714 68.96146257774507 69.35475189759 0 0 0 0 -0.1417546145115085
180.22840208651976 739.6316591561178 250.03629316449332 651.6364224163145 287.4174446376681 554.8654169042046 17.55311135616985 821.9168106563404 318.5567614957885 898.053123336217 239.6111877953214 516.612965139337 6.149934702585114 -32.38513183426565 48.06311627692514 20.82057744838049 0 0 0 0 -0.34242817228036815
314.4834987977165 880.6015779172135 171.5015907392296 561.8198365689659 269.340281899404 613.2543164337952 170.46939627939628 665.759027218815 165.75294904390904 777.1866312675868 356.45023319005276 887.8680382085513 82.05312293539757 58.854624725853085 40.162200360820265 -37.49411388759758 0 0 0 0 -0.5888204760594018
321.46752407657584 856.3721139379165 308.5704173452489 885.7732676108868 217.11901344355638 771.8576114738005 338.90440160667805 525.4709750064218 52.572832847798175 721.3049650392225 177.90704014698318 705.4648941309831 -67.96520793419971 -90.39396127767516 -29.74092770314789 46.0545784671792 0 0 0 0 1.0498920626861332
2.6695083393103447 561.9548877133695 42.613558480251115 727.1933250183031 74.34907254228436 542.1530029688596 26.41629800324987 850.0715035603639 91.36927042303495 596.6379615869859 321.4765301102404 523.6855106061687 90.42352444772501 -61.715616303443625 66.0955268852683 -2.9936116834834934 0 0 0 0 0.3949045494897185
240.97408011816313 521.4844965000013 45.86849054666294 772.1889515777666 53.246682444038825 786.8545703726679 27.684881621895236 882.8327641894402 343.7351164967283 760.6884706131907 295.27362584011945 757.4549277694097 18.6027803657486 92.50354729342516 10.591168385808231 67.48563529550114 0 0 0 0 1.6822775316542538
217.76081936726385 773.203844204173 216.0598738790433 830.5038625290272 60.25531852696682 713.1075141466572 220.85191038403502 701.5948628583567 90.40773340000887 752.477025622238 256.9042367337451 507.75722662085457 57.74197150711041 -19.41134664951025 35.45475385359899 42.45961417795158 0 0 0 0 0.10120663891028892
138.43163629513157 891.3813677365737 48.757810478150105 822.8969594547868 183.80408687789438 810.7689525966057 124.4685038601234 562.7401169783101 275.95648380741875 537.4528557618252 145.7683044191917 882.3463889886921 -9.98755824741309 -51.45972473114553 -62.627293932214776 3.6538766325933096 0 0 0 0 0.21168646041329858
30.19337834844917 693.4533478131335 247.1984901196407 670.2240074509832 146.6608065769177 510.84889267645093 243.9871057782074 806.993673490336 314.97346915836323 553.2271279782783 253.04679381768653 829.4504369236013 -13.16509337419653 -83.23283363383136 72.73138252040755 60.55091305956495 0 0 0 0 0.5248126936405788
352.9597493958841 791.9545770211585 116.7533274243613 647.727562794671 91.77464494167498 607.3203084946012 123.95209020585403 841.8645556672634 69.90875235023722 848.7081784687915 323.44647894730196 786.2263683572478 15.75109296317882 44.765698744253456 -98.4405626458663 -89.17956538456862 0 0 0 0 -0.49446659123540293
21.882419463136852 668.9827660690366 272.2675475511088 861.3770460593214 134.46983466400147 722.2087018357918 65.35666801082955 521.7205282201079 201.00663442584957 536.608741320769 110.79231449452803 842.2779345356163 86.5564806920934 59.28082526208394 76.14573163859825 -13.236868441164091 0 0 0 0 1.0808144040307257
5.67022867905167 796.9005208860481 89.53922325623823 829.4847877026932 221.96641382227327 714.1493025622178 30.97610621268838 500.8613755593394 284.4493931185383 612.7379612479805 247.00910529209082 766.6033336200342 87.02338597482543 87.88643040067006 24.859023765504375 -80.92482936750052 0 0 0 0 0.22648286507888027
244.19357229245526 570.8931556436992 215.72848164688298 571.3883279154929 170.4990654421799 618.8983301451183 124.4090483321725 507.6114890797152 4.720090665048575 790.211712461175 107.55317200932328 717.801311757471 -99.99209422303139 -43.4837402566931 -65.93938185151937 21.879705434381663 0 0 0 0 0.5064994623588299
118.8228432597139 713.979103762719 174.98650579557446 695.708124771525 41.52705515717658 608.6987908568209 263.6175545147543 615.7019531065342 168.06684286674235 851.9502153070566 198.3665915333867 595.2305897624235 -76.27856616308819 -91.01836908244955 -99.06847418812772 51.15750957476254 0 0 0 0 -0.13124702279247225
199.40871223527324 736.8595916165018 58.294093556692836 789.2285976941114 218.78068900543389 631.9081392534931 205.84445358812292 651.557356645214 59.099207878831386 586.7326692249342 276.3970897545967 578.7072989351567 -11.383415646490988 70.05902901029643 -18.802495488738444 -58.77221542897389 0 0 0 0 0.9130789296913346
278.0675063516619 781.6440048933684 233.8131981366607 606.4137190705253 14.005912989412575 667.9937278980397 211.24398695968793 632.5416074114418 148.34404432839153 882.6168298886442 58.83729205805814 551.6440114422519 89.06368945182436 20.433608657748195 75.52827795995256 0.6574541174114756 0 0 0 0 0.16824078526479364
61.97165054433451 879.877081034077 10.619976574502527 614.7912504329846 147.5894256372789 615.381701385819 15.129864057828758 721.662806213209 91.43178562712694 791.5930337304776 138.82335347874394 674.7722790849649 -5.763461836712679 5.310269819021613 47.779484417014174 61.82688838030347 0 0 0 0 -0.1804397072893481
202.07002940843526 604.5981282955589 48.00902704013446 548.2575193421233 8.91307139433608 658.1152840831198 200.69416956169496 558.9673914522489 323.59192518735205 653.6873458439437 91.00182870985834 658.6527201766104 -57.92428787311146 83.95367030961705 33.83189623833559 70.66583056958612 0 0 0 0 0.7742500546116599
233.43512867952379 794.077700302201 337.20459330425996 869.4629651897366 23.160608362671127 529.8923333402652 239.64117572351844 521.5241483479626 292.8727927579476 578.4282341607869 205.2907315200526 560.9149224137398 99.31470787280438 61.495861945622465 -9.838489694908702 49.647099791259706 0 0 0 0 0.4207232034279218
208.16037063734967 767.2936389689673 178.12038286240053 859.8607845941926 149.55988964537747 751.969526702255 37.90380348746695 550.1895972877929 240.9638466905259 545.7076615306719 141.66256706052522 897.8567584432652 3.598552737326969 -0.6386947243075696 -33.46160053476264 64.98186604151277 0 0 0 0 0.6462289881572794
144.60000795211104 609.3768745852949 313.53766014888487 587.0391905258189 303.6990712939381 572.166087051561 324.40955183815356 733.116082926115 337.2772862915346 611.4432865216281 101.79848038023742 685.0882168330929 -39.506626214845284 49.584058664319684 -81.52110770553415 -40.397088339975525 0 0 0 0 0.8321061412605574
348.3901295826991 598.6232037686368 256.55809837957526 855.989290791577 131.4687180072466 648.6342833095882 115.4709500014236 513.7626386561896 114.64032095981008 854.1780732290391 116.3797734189404 576.4458666225822 84.27184527887695 1.2044548261476677 88.47382190006996 29.398676880165937 0 0 0 0 0.6599960777156901
208.93066291710514 644.8949576244563 25.01413235681611 591.1271490522183 158.06285156550507 599.3991041153196 346.8179107127146 809.7314145501505 283.9538699810851 532.9806266465182 272.23070964581694 759.3879250619093 44.920366052623876 0.31480059933801385 -61.182576346547776 -68.20732098498587 0 0 0 0 0.7959943362506451
329.5419362064882 893.1559722261668 255.3030004216414 806.1131262310605 152.86952912491765 779.7072022496717 228.4834172234222 660.1505457249639 222.52574759907654 626.7804453533904 352.1922192368604 513.1983447822352 -30.48578565290181 96.56137037568499 81.85357475723373 70.14424273507217 0 0 0 0 1.199014088837517
132.33616315491327 875.8280159927099 85.33196183419456 550.2610525893192 8.42966679818877 640.2897540644528 238.9225703821986 757.9510121847059 318.35645268803034 559.6185069963767 114.04383208753248 870.4948922099459 -11.075953676256802 -52.95139235533177 59.64758380324838 -17.15591321718577 0 0 0 0 -0.11014606309546882
104.17855033961143 868.0704848050472 166.93147294984465 581.9459881477392 238.81412535174772 686.4075451733593 96.36314442436415 682.89330033081 233.83929898389852 876.8267818635773 32.275499717155306 765.7167683641549 53.207211740946946 31.3894862145805 84.014599094756 -56.545859898744254 0 0 0 0 1.0873762878389401
306.2701009803138 507.1107239902969 55.21856913691011 848.020368500916 198.50109394723154 610.6911415998693 181.1501165729008 519.3841005866088 115.25652494245853 879.2123779720414 179.61255124221205 892.8642374594854 8.183724046708846 61.41953158279384 -78.16078049519497 -95.34441377920535 0 0 0 0 0.9461027893797344
330.71670134172155 716.0692704456532 263.4661874629323 844.359939378424 175.46898389920293 551.8097110744097 354.01651945111496 745.3264386382425 300.50341411445214 832.5894026857613 174.24084984582677 741.4554130815088 61.04460990817347 89.2324839425631 10.64149506013841 -74.45260079362839 0 0 0 0 -0.60138669799278
139.35296850056773 877.9341546186602 26.671903781129842 797.3122708226599 78.93685339319102 554.6934619099364 9.81360906496608 534.4446790044359 281.48501812787197 737.7233226100623 82.31065166955226 679.8401061992533 -94.19798343663915 1.6281971063877734 -92.57497497312667 -16.492475583172975 0 0 0 0 1.5995034417859273
119.0572622506983 582.1853060629969 283.7962911377886 715.3524184541876 124.54917955326354 778.1374739504109 74.7506769295814 536.4896063489197 42.0491946249092 666.3091669126984 236.19333901028904 858.0023165544774 59.61023661971424 50.80899492949672 -4.6963895508527145 14.835343371242658 0 0 0 0 1.3259629520552612
194.08929483795146 504.12895713877776 208.77573419741591 683.150760047864 297.0300469702428 523.400109431697 318.7642707491128 658.2855784861247 73.24866261100587 807.4998988862692 312.7262603237299 814.6142854920499 81.55899211010959 14.517181403717075 59.97383573824945 -12.03069344517722 0 0 0 0 0.03142765226999511
355.2465918485646 527.2574481000927 40.75639160302498 820.5233050467331 212.54186921273327 521.9963945744827 350.7171969608679 825.6427319154866 231.34170693098667 704.0795228352487 36.97670712856134 733.9367656517013 -33.96083848729607 -49.215352034890444 47.54737402498009 -61.73045401188006 0 0 0 0 0.5743055950437129
78.26173522903528 760.1781513968306 9.794757953600817 590.6286967664989 3.96382306236017 540.3485006381841 150.64103438378964 572.5880484861151 276.32505663092627 634.6500992533431 163.60032274980534 676.1470676140297 -44.84841061694964 -88.16280526445452 -64.613537352869 91.988676479144 0 0 0 0 0.4987367109255828
251.7569970023969 706.4713064551643 217.42399629182452 660.0284493503766 282.2206087738153 630.073239010002 218.2453628614785 568.5368948654675 335.8661393355716 600.1562254702314 304.21608731172984 679.9477761085701 -11.975276860394118 91.25336258962358 36.85276047607104 -67.4242190590292 0 0 0 0 0.5328327738506188
290.81937624717597 733.0357860597993 316.33950149068346 657.4803970719238 167.363222916109 671.9142877170717 198.6431106673402 667.3401596377895 287.29631200916407 596.1889577653734 136.29621331036927 704.7110817284346 74.62036272532987 -97.46386633350939 -6.71262766787973 -15.744825244468359 0 0 0 0 0.048196910890987654
324.3064951698266 835.3717014960807 19.67911303452908 660.9044013335246 144.15781779251438 579.567366462975 264.9595599254339 682.482554665656 77.50094007103795 507.81134667839837 2.3925974453920817 874.7441879172895 90.05209701371163 -60.678886572210054 29.552902648511434 -17.14630362452337 0 0 0 0 1.3710812642529189
272.0376383604312 726.3557573081957 80.24512580364694 540.6791286831092 270.86184654604637 745.6727655421885 228.56152451608443 704.8809996777542 41.584514732213776 847.0062499849057 155.5630008406615 890.3667662907508 -17.374939379536315 0.9330900425051709 -73.3881506784943 37.57045213693567 0 0 0 0 1.4318966318349329
232.73664446805617 661.4578041761436 10.707018227939717 733.084769389807 304.1585210430079 609.3667212831862 165.39383916117282 569.9848907355528 300.2503262358462 760.1142151927602 254.3744014754351 563.0555211883766 32.553111063725964 94.09355727534495 -20.29699990662641 -28.595310834669263 0 0 0 0 0.0954167414324526
99.95744104902103 668.1552176422031 235.58901432538028 581.0053944731906 68.64625720727967 642.3705878172898 286.80182625834965 879.6081206468236 147.53568123294437 571.3330964071059 137.39134749513366 524.1040679303286 -25.42135433457129 68.90400238371612 -78.57300132101577 98.86745514736836 0 0 0 0 0.9578970249827342
306.8177786089088 571.3354304414265 197.03059979499486 706.8326403751499 248.36553144366175 702.7868386932003 92.27247220876143 734.6735799815644 241.99290520896844 543.251596663314 330.80625716303376 638.2274438541416 -57.52019246599658 -50.832225675477446 -99.63487864131233 90.91196877533508 0 0 0 0 0.700782688837337
232.143431572063 785.4314060215779 55.94256381779903 697.9436452621112 40.331444622807 609.0692608525824 320.13217329756833 704.5858447555897 54.40369414062891 614.3938406465122 319.86513893036897 683.3041382978078 -8.027403211455166 84.12859934550545 89.61404721902292 14.008543989867633 0 0 0 0 0.42102342033418
333.8622959241717 593.2568405575269 22.097350771092408 633.4862821714908 273.7969788148819 843.0210253523819 222.8030896618911 741.7908265208005 260.01152074588555 545.9315904800824 123.58748096905715 853.962371365979 -52.89350756255891 34.357137556029045 30.71513231311107 9.136421081078637 0 0 0 0 0.7257435801862313
352.71026616451326 862.9921448789416 232.5899386842478 574.4425745934261 354.7662676447178 839.7900963058264 63.16241786561319 758.7936884839851 316.97562326742985 725.8261983864973 159.0871757487615 584.4262648855671 54.176734597323616 -88.67138700823443 87.16782102077076 -40.7691762039305 0 0 0 0 0.505941916675779
166.16990086706014 714.6689492953066 74.87440453014014 702.0683467051987 253.64570153242175 608.900997180917 61.779254505391215 507.32240303662235 158.54088430317123 715.6422290742751 40.652840486607126 842.7677868542842 -84.09708264653383 -97.75985102050919 56.33501044462102 66.05682208486223 0 0 0 0 1.0104778717073808
97.79053951953165 516.4843559467213 54.3906958929591 889.3827233607597 122.97493449324206 782.2089794039622 232.93140943670642 590.4147520366893 192.69728872524487 612.1737161485626 216.9587144454998 642.0362248848544 -74.33233317081618 90.99709212750011 -59.84516812763929 -73.45751963145084 0 0 0 0 1.1430021917556341
162.8085259594446 860.8565525116073 269.9067898496985 674.6752389001064 305.72773682135977 817.3243057256609 264.80666711214025 831.0963318653517 275.05854301265356 538.1962623048327 252.83480389557792 611.0212179090308 -30.68753162814562 -19.30443457802123 72.0488164088436 56.2178955858503 0 0 0 0 1.2875780761836797
302.4687351309355 692.6066184093999 335.26476575268543 735.6022645322039 187.0538826047111 788.6966219187593 174.11981168461423 650.6871766524774 207.78999669137406 524.6782897987983 220.27647709145015 858.2166836348702 -53.41286564665737 78.63675559597704 -0.7500196586051544 5.436875915789031 0 0 0 0 1.2729961121654254
219.8568284633186 682.104340383584 16.45373655115418 704.0594558482394 186.19790918932154 851.9355374118111 127.96170415970695 808.494325603451 305.1117667545428 741.2410261901515 88.52700523618435 726.901715904939 22.307316394339665 96.17145096474314 -18.19035173162888 13.525606906686534 0 0 0 0 -0.2880460241181724
208.97785315996776 853.4940701486809 108.37922708463527 635.4990828634791 85.93896903847407 838.5739364827107 73.85353029470392 823.2740336118063 22.97878405416133 538.6247092545024 313.6758785512099 635.9077093643353 -77.48574908827453 -78.33303336099945 -77.75536322040037 -39.25242747973889 0 0 0 0 1.2333245924098803
141.01840426638242 576.4391886736564 127.13051634145747 862.7593304393538 38.06411289189995 627.3377264351313 14.463050245136998 539.4283935558137 245.34983051948777 832.7938847895887 202.3100732788786 698.6113329492573 23.175753360676026 -26.300641444586986 -37.21384959470235 0.703759559418188 0 0 0 0 0.1658390500147282
52.595555032162466 694.7083087187739 268.15275574315933 825.3407651249266 225.1208359267322 667.4968395828292 189.4862145746151 543.4403943369476 257.2391437743628 554.4787939021753 159.68521769795933 868.0358417460643 80.05873676090485 -4.630971683971552 -14.110142222773476 39.08679480609092 0 0 0 0 0.5733191680660075
160.01960049801994 775.9068629740254 258.11988884818146 711.466448215872 167.8075470151205 513.9103113838556 58.846375124952964 642.4403320104616 191.41798612335168 862.7103866588354 69.7561057421061 616.1356871520942 -58.12227965032566 31.271564594589364 48.14261718460628 -1.261391232475546 0 0 0 0 1.469981290800256
7.972881866332586 809.0877188910252 156.23696773917075 693.4454575022517 37.073645947073736 575.383305830506 216.99875703411573 588.3948396720423 58.24722613526497 745.0565965920149 230.282146565859 895.7775827392541 -63.3708035617411 -31.221744128422003 68.95938745382674 9.727071341805484 0 0 0 0 0.9328074692454436
129.6499473071383 590.2340700355619 315.5285365645648 755.0462300421193 16.377685096261896 577.9822228905243 309.85144095671217 527.8306652396309 183.50254556986252 845.5977410668621 62.69225794864476 726.6953671823167 -69.92494428932721 71.89107969369189 56.24007667398999 -95.55091295188124 0 0 0 0 0.6907039784129553
305.1317926788687 675.8142943721404 284.9741253942496 642.2068585267203 297.9299998237381 861.7739989368727 160.61943818562568 666.5910329556478 33.70373949011927 791.4461034422798 318.5145118854063 618.6475159718801 -30.959680306868307 -75.21051453824967 -99.36126475348618 -51.97027472416222 0 0 0 0 0.6530053126128211
231.68671887419006 836.2806431800415 122.77444840524922 743.4661270532483 125.56641673721816 527.8085406874401 52.452286140013584 653.5018145482852 263.64521849373176 886.8240847222935 313.6631055599855 684.7968346099476 -24.460171647321943 -9.024234275393567 22.24191986223491 -30.826098352423642 0 0 0 0 0.013414637894504366
183.22953854121428 801.2289489146128 295.5385835552725 864.5862958763745 244.88836573008246 871.6231499369335 266.062857807215 578.3554959339149 129.7750745080477 855.7718768437155 138.83722318096662 627.8368283230204 81.14925110550112 92.18534934967761 -88.99129324900075 94.70233257103311 0 0 0 0 -0.8640764909686862
292.88005659442024 758.695560417734 350.22644402016965 684.0791022463318 88.60404235933525 648.6175316491397 223.9948535060719 536.6292829915392 173.62192332359413 886.8171724754986 358.4236060077827 671.8654771231364 8.718817039622166 -45.30604190996084 62.68639788911406 -71.82364512518215 0 0 0 0 -0.373007408589237
127.06532003929284 851.2982465035641 85.99647563987595 684.7083972991679 94.46724166914267 740.3727930149602 211.96575629623976 822.0016677721736 358.1371375264899 633.1927288528416 311.314676255085 872.1458950111652 -61.63131432499818 -27.016981613416505 -22.077964503303903 -93.90038584391232 0 0 0 0 1.2116231989003605
155.76575425826408 869.3264652040491 238.8001861837527 889.566811711086 336.40474769280644 672.2418609071149 281.2036712006457 828.1588890633368 356.63714558522463 894.0046887693336 147.8489864099028 581.5680787396235 92.08020223778894 2.8517498701665005 41.41463606969782 -72.38359281048837 0 0 0 0 0.8144362319207903
352.1264971726649 874.0786600390766 279.49874449549895 798.7124699566446 162.70434616913715 549.0893990032166 67.24606848523162 527.6279132665978 85.75018947908111 586.1347196376402 225.21984690947818 770.1315197218441 2.992482441040508 70.29968079788094 -17.18497722188262 -50.26139379954495 0 0 0 0 0.5876438033074691
159.84945287573896 543.7699862170485 237.46540834907185 757.7818552705005 348.3870422577284 708.3892209243268 129.6338766131548 600.9883221750434 5.725612877477744 833.0980088509862 300.3414530977374 590.2904194607385 5.521243370687003 -40.99148202129754 -7.6772261760167595 -82.99456466537502 0 0 0 0 -0.40581682763030935
5.384448056270865 792.6120302325896 335.9410447538461 536.8097624009899 41.60582074382916 730.6074796548087 159.4823639798239 506.46258424702967 62.30744873333652 870.5188004266636 336.27860292863915 525.5504186411306 -62.437161144669126 88.02953737124042 -40.78926533756646 -66.52561042218461 0 0 0 0 1.5580306205928331
278.2003162585756 677.0988179717475 217.95955124593658 571.0015974279686 211.01980417143133 874.540319148675 316.2403894054425 589.5101478079373 314.7901787245904 841.6646399507274 219.23464839630017 848.0754179298459 17.62570284616247 3.168416830871152 -38.57209757229276 48.77148752405421 0 0 0 0 -0.5015431325972028
315.6291608071809 870.4255565154567 343.4028188833582 735.6916790415285 314.55077220453603 671.8844066487858 31.313683445561807 514.9463648368278 81.60861093678031 707.7716730590136 63.975332378788025 808.0627571802052 13.576584653416361 -82.46266772968326 70.07570576158119 -60.368429708518455 0 0 0 0 0.8971245455301857
61.788661951674065 878.2807746075207 88.02750116044533 536.5564109873741 323.221243975017 688.0858481067253 26.477746421525023 745.5345822968798 12.103390158757414 707.014830233996 343.6768006103235 717.3659150327408 51.649622112583984 39.61355229642351 -69.39308634030914 -6.531668621404947 0 0 0 0 0.6415970701750103
218.56057262526178 700.9215140150782 258.0330255264203 793.9490820957471 331.13092519103105 643.9602126217517 46.372425959118175 511.9870456926455 146.0702721845307 600.8743099639098 84.84661443714062 714.8613376679871 66.38774603565014 -14.569167227482922 57.47421512513637 -85.12531149782168 0 0 0 0 -0.43446609811323267
214.4492277919968 654.644507842898 324.1084973298551 882.026138068892 33.497502084666344 843.902956787991 122.64389650264015 809.1729070630952 23.638130081987285 732.3834087323189 203.90467406339985 687.2465055794188 31.563094123211187 53.94565349745483 68.92835176157897 -36.08056399076822 0 0 0 0 1.3091936934342687
249.1128876004942 851.1505912406316 122.08693421117307 537.862578088404 218.5581613748912 860.974707882609 94.89439442967961 749.6700379661993 172.6977318465076 690.3967570110365 241.06568946099227 736.8449183583774 49.91708752729272 27.858320604754724 16.072441241744386 63.592500128871876 0 0 0 0 -0.6319230461721832
300.98938602489824 841.2318636102085 149.1457825108935 558.460007408673 231.12005523637623 574.0931025105051 343.9356888861405 539.8076779416517 104.7299733210124 753.9555907174855 138.502923502967 780.5918760343889 -84.48381182575461 -22.75541705796151 -84.68506170952723 -73.43055081844736 0 0 0 0 0.4910597357512665
155.25383324329204 585.6369198826492 281.2553779790219 767.2969133523707 244.99194616996212 607.9764957209654 336.9369981420215 781.5312744244801 155.13687927170443 533.0605706783531 271.05866986145395 604.8581675281285 -52.913473718013094 -84.23654758438694 -72.21977975676516 56.819150089837564 0 0 0 0 -0.058165650183338524
238.5238364522647 897.4068328831916 45.850282449579936 777.5940927857578 132.24078833094342 609.6616696561633 121.42878652888939 848.8447218504556 71.57035762869447 831.8689673261462 291.1873460899967 570.2681810387546 -78.95540246797842 87.5064748264108 -85.06444430768718 -50.88277530069192 0 0 0 0 0.579795275615291
75.96502438019448 574.2950692736591 291.740436136966 663.2654377585063 120.73304425606783 841.8739051320588 62.03764156496062 645.5247544982668 123.45143445158551 567.8161223309762 79.35493381121867 668.7331233437955 47.71200588350504 -51.99549928533735 -70.79307451571559 -59.896237558460456 0 0 0 0 1.1098925558083035
103.97446975741934 549.0008357405483 285.31305716505994 604.7026967912053 237.86744594981894 758.0601734156072 100.48381599904775 838.9780250456527 83.67271481284227 775.0114825142366 271.4481683152927 581.2531042864283 -17.851030642449615 -46.970888703614875 -7.206148166807196 -26.705449540266216 0 0 0 0 0.5390515526231097
31.995194551715592 714.8234576953782 344.9327224727667 691.0049703980708 79.76745411045535 816.0456979036342 250.03361941520657 828.9378370644141 93.97239013643224 539.7913626198956 206.15659603376923 823.8673350709308 -7.142678287041676 -19.96148752043831 97.14233581903414 -76.22820921656752 0 0 0 0 0.8397402283054082
330.7714317626421 800.6616036455068 38.00124064721171 782.094726014681 322.2053200499355 771.533886993328 169.53084205065292 858.3078794215266 161.71723335597568 744.8687573942068 235.8648179418901 720.2668215602548 -84.74399826854284 92.09646758286948 -86.41769370242802 7.199748212345398 0 0 0 0 -1.1865523364194355
151.2688294795302 779.1228651819689 64.32729504521853 504.47829748171864 168.93973688032273 521.4724781708121 88.08497451495234 519.6819962504632 181.96879804806238 528.094243361226 83.3398490795637 548.1948498084726 -9.348252190227655 -13.599823637049795 27.787752464085486 -61.55726312174781 0 0 0 0 0.24085038844980738
204.03883065589008 510.3517385411663 251.1263507583553 528.8075598113318 257.6189588577788 762.876426526323 142.52051075757433 548.5109884431542 109.18255170670565 612.2341009358531 77.63683046433219 532.683122466908 30.047172470608956 -86.2545303666436 14.59844525286968 23.803079418555 0 0 0 0 0.5455705483018587
152.65594017931264 617.205532249245 144.9551533344586 738.4381418617816 92.65049132246749 776.9408297802814 108.8450937787227 816.3431991658383 217.30389908140273 626.7453817136969 90.4123467800361 790.551298817866 -7.1801078022566 49.302949771878616 37.43225992845086 86.0643529785456 0 0 0 0 0.1947027611449788
357.34726196755605 726.896478137148 43.03154276968285 581.9034999575198 47.09348518372624 886.5226575982208 311.46581097044617 785.7498961151501 81.3228614920406 502.4292785497805 138.53605976120497 734.158764037767 76.76029495318801 -81.2891842010527 62.62893070505379 -80.57624487516412 0 0 0 0 0.15387326189386652
149.3420779674171 724.5642635046547 314.8175139468116 532.3875241093672 153.1136387679277 878.0496920198665 276.2857260168863 661.708244050971 208.93434226251406 574.8283137329831 47.790232743028305 786.601443689693 -54.5518904228772 85.47628704448803 -81.37989767060614 33.35445841476317 0 0 0 0 0.29235903193781776
12.511282234076218 850.7695064477725 184.31972666849614 602.3111601203939 139.71413330932853 892.2987249843108 333.9656042219221 658.4314052550584 234.52658691656293 660.6189824875755 15.990715527451167 862.9897585971069 15.324800534245014 43.69493326785337 -53.87553706190893 20.77815658501798 0 0 0 0 0.27653331216506516
293.63290146581375 740.1271947440558 214.888690682479 828.8339351939546 313.84292491513366 857.9053798616089 294.1491808580946 646.6399661063872 69.47637577445224 708.1143154169265 4.834637996482778 826.6914040151503 -78.33450019360959 71.40365897564155 -20.944077987244427 73.97422120117403 0 0 0 0 0.3293714876665046
101.74485918644655 850.8299399547573 221.2165165190343 676.8493577309381 214.5613310222361 520.6747401285131 349.35206065135395 867.2241582349354 265.2580163609596 607.7435948310634 16.63938948207808 723.8895323002055 -25.93972900802804 -8.689581500239953 -81.81593261359632 86.39368626098207 0 0 0 0 1.700247657900279
136.96502947006118 888.591480299041 353.05152414178866 500.8868327742884 293.44010204113124 649.1846127746097 238.11408189182052 752.5976565377839 126.04402103967716 573.8749061431085 138.00079213912716 802.1880304481767 -37.24166927341257 -19.997504586784046 76.92901525568777 61.91875136873847 0 0 0 0 1.9092844009149021
105.32723966017191 502.1149686188833 39.46350481657524 618.7458341216737 292.38963734850824 529.9481816368963 146.6736447991736 762.9778760189004 137.1158203835594 580.9872952666502 333.4377083243945 827.126880688864 31.553154146815643 33.5016736229974 -74.67009615285201 -54.66515627838638 0 0 0 0 0.29506098409414133
82.84433867078862 635.7012983759192 266.74853642711423 836.7393819028816 106.31392563563142 860.8206231768847 71.60377503279416 751.8575297998337 296.3006364609105 841.0813517685773 18.989609973144177 881.4710205238514 46.85384739873882 -98.3212105509079 -95.68724919173435 -70.19611312717915 0 0 0 0 0.558822980306684
192.18479039240822 627.4273117055236 100.33777616973721 809.225078929226 206.6229935358666 616.7631028937287 161.20096858936822 733.3153280755013 289.31327541221157 768.9990979032676 292.72607187835354 529.9938624441127 83.4940904762222 -6.539566288013063 70.26750939425023 -46.16659270824732 0 0 0 0 -0.1645710993871301
136.72282691072257 666.5572732372101 192.36793487135884 858.7917582754767 176.48300824583296 581.8943298932476 125.15608326497465 646.6893936599511 163.6188849820309 711.5795870825224 305.0448799614156 776.8881819608358 65.43466829860569 -1.6292063617997314 71.31432701306704 -71.07000058285317 0 0 0 0 0.3059545689783667
314.44341204795836 632.9687786520827 295.1010713389208 851.6874181004576 283.7689826149988 760.7298607277914 278.97280810911275 866.7543519742828 54.73571310665551 720.6708619620993 11.539520359050863 831.4967209280991 79.08992021659546 -44.20893476260621 -24.13918057558287 -50.24441932644943 0 0 0 0 1.646037062255945
296.8934411175651 739.890278770458 17.68370293740734 637.035435763438 38.06550721900653 876.7511735355866 67.76735181615676 650.5689673860467 62.636366891399334 532.6544932824993 15.051646085340348 520.1376764173316 14.45419304151396 77.94617788887157 -60.77176898391785 -20.950257924003907 0 0 0 0 0.6632126874255992
197.66638722607135 845.26341613932 11.363696741661826 791.0964473016966 161.65917629462078 856.7805964825509 218.67224647592127 777.3736742735002 152.16515088334293 668.0843440256219 195.225010163533 618.3480235285065 -12.883020225079036 33.502199991636985 -16.331187474571536 -57.75638955017679 0 0 0 0 1.2188284046505569
101.53546345038446 698.7166442896856 193.4290399164 643.7696116754166 278.11562014844543 838.571351224804 275.3284707914744 564.6385234577638 53.24088036521351 555.1148049530254 112.52725062761148 610.5633695959305 -95.50950655251627 21.34663240151815 90.83426960098714 15.750531565987686 0 0 0 0 0.8901337804273168
68.8952388826385 895.3274105173366 108.89488624624491 520.4932753297275 111.25605665589146 788.9309058368713 14.82804690746741 679.0781971068927 213.24395402193477 763.5738622274703 342.9565446168501 760.1630322341707 -4.047181183065703 -37.100508608154215 -90.76623751340449 -78.66833352610685 0 0 0 0 1.6254936482419926
349.3572032086481 567.4870106895174 164.94497232708596 575.9766677620175 0.05990724042569173 639.0814411433679 232.57691344711967 611.5730936085004 216.53988827355923 702.2731781034124 92.65597175008817 724.7372664230297 55.86712344480483 89.32892363625888 -13.605457633400619 0.8445419436608148 0 0 0 0 1.486235891867663
169.8850801222993 722.6781076827311 57.14866389516109 792.3051733480007 19.084993151022623 739.756255343243 31.710674003889604 615.711060785229 146.65225174013977 887.5242764112529 290.35065641076613 798.6921725688665 43.63610486006297 23.13302615189285 74.05224473988613 -92.23694017697773 0 0 0 0 1.9517007609562362
27.937972718801795 706.4499824326838 104.43344245483796 581.7520069897104 177.7951554959628 809.6866216372573 158.85409037097415 563.0116110558281 301.75590017019806 589.7095600259829 227.03665023627772 550.2042161465206 62.43349159834207 -61.82144177691173 73.40437951847608 -63.87880497841763 0 0 0 0 0.9422428577278434
207.6797264288909 593.6590081291818 204.96893917574025 638.8229551001543 156.0798222474042 770.5452664914703 217.4382684396574 797.7466504606152 327.816760250153 809.9127897417263 78.29386478305365 523.3702114006483 -0.18775347106117124 -35.45604623045352 10.786332658316681 -79.31638815628833 0 0 0 0 0.12003452774562318
101.0636567605942 815.0707346067804 75.88749052224881 621.3491848714306 167.86960122183388 834.3029085711337 130.14515888623197 697.7263444623234 91.16090886432464 735.6677658210662 300.91876343476457 672.0591383402143 32.65633085749889 -53.18769303143183 -32.95257219648306 -21.66029652909498 0 0 0 0 1.0703497004411548
282.8763311153204 523.8722356324091 206.97833566297774 764.0615624255094 331.22455609376266 838.7396849313895 274.63933780044994 823.5864567232112 38.903390245077915 804.7024102397464 127.96549988671421 691.796030658359 -55.758588688191814 42.45840427948298 -21.45200778838428 11.606519630634125 0 0 0 0 -1.0348570225001243
190.5144842744159 766.6593467583441 353.5900654227576 882.4699123292673 305.0114461417338 686.5885424604606 205.74966905137825 868.0736508959542 279.16102197287245 608.2984867764626 141.1686797119502 811.822294992068 -11.071646037940596 -58.66939030521816 -64.84968640993534 18.995854283288182 0 0 0 0 1.8174180275998995
356.9090402291222 673.923890013054 248.93595823752125 565.9121850244377 289.62375400404443 827.7580423712686 52.78863194721602 584.8761193430211 95.2204940311724 780.576468176768 92.7290959047129 639.1008697405402 -79.80625090777383 90.24318238525532 -87.81941606544305 -49.01193421461569 0 0 0 0 0.6678446054078683
129.43894681610917 595.0286627469854 302.1084027782794 773.0829310890724 62.232171508672685 589.2109244137786 83.69129496268687 607.1085315077206 311.6380993477343 893.5493298372403 150.1336104042655 509.51881367897926 81.54290254428273 62.32554330255081 -69.00200291848562 98.74898929901482 0 0 0 0 0.38997241460119125
261.3517248732412 675.6172153949033 248.98378708604255 807.3070756798415 344.5642481523569 823.6912976837423 258.79154976623727 512.1275222187346 284.2916003264257 842.8022825917694 3.9284252829694344 642.5365893348068 62.5163700267469 -82.50988580174909 -34.396904573013316 72.1357663867523 0 0 0 0 1.249622081606753
170.37179662324155 560.2229633029102 0.26749742472895743 678.5419208535201 138.23871922779608 600.791523921316 237.72798626708888 845.6311943710762 45.27504683659972 828.9630601811259 266.5024669768579 590.0832824017201 83.79011066585883 73.73110494637947 -37.62993031360673 -17.61164734632301 0 0 0 0 1.1787708917298227
69.81804882402567 756.8877679210444 285.16530141193687 894.1679205117248 289.618261475285 835.4535064914987 212.45384199562065 637.3136053398725 29.32117604207688 579.5644697440391 337.45934917508777 552.1599657625967 -27.00478978655528 97.42877478676942 -14.259538891463848 94.47733717451803 0 0 0 0 -0.6246749522925215
305.7796408603416 630.8549664270004 287.8437370347555 895.081101382287 156.1649059676525 873.1116248548527 195.8885939522095 867.4998582751216 93.48331112214672 597.0476184169834 291.0997991857956 514.6165394874777 -44.094295033654454 87.25925209044729 -25.922738500425453 -97.25865431758922 0 0 0 0 0.3700294343997551
118.97788373691144 791.9527527265114 193.15970210617851 559.1291023042161 67.69113327114026 597.1422260708874 309.0199193967925 780.6292188617118 128.31842071867757 551.3883324886049 284.83791100007875 697.6862079483576 -94.98553643054153 3.348526264611877 -60.22621506896857 15.55979873855027 0 0 0 0 -0.25356396802794734
97.07180790876285 730.601684795521 202.2874365392157 808.2399087066367 121.23466882950456 719.7468187976376 340.9276518234194 528.9797527639371 175.18864227934495 766.8654950516311 70.3105870487446 615.7334295617665 12.19050825316262 -99.38775497399293 -73.26251093489518 -69.5773559880248 0 0 0 0 0.9625289429650032
137.88308443458791 807.0486962802934 7.98818668736522 530.7290327039955 355.8204535188121 515.0344847234421 317.06166812247085 505.2013798241259 344.73867533509645 569.0452798770007 307.52003500556793 750.6565098257707 -42.67166504704092 30.057440940645563 29.744617460264237 23.613880043709656 0 0 0 0 1.7632932082144965
95.38942672091234 834.2727851734322 23.916386091984748 837.7771378177115 45.77746916216629 666.1079205547181 261.11161677750545 531.1516351888118 38.39545764871937 598.308244160267 297.40723420996403 844.583297488499 12.73845671446665 74.82100966835588 -7.261629077783738 -81.81654485346736 0 0 0 0 0.5499880256368004
153.4385310022992 575.8071298767883 301.2522006800312 841.1682883847961 46.77556288108726 850.3405947490618 55.932480269735336 528.3510197245383 342.475814036058 651.7291442042147 241.98398346067924 898.5241224015339 94.32860661616553 32.137256703448344 -7.851651607413771 58.703526396607316 0 0 0 0 0.18260830863572075
303.83781947541365 508.59217643997783 70.8800697182122 713.454919962011 314.7736817487621 880.7675091238991 327.8632701618217 872.0169310300239 286.85064417904056 848.845861283951 57.590928352353934 752.9730377995359 81.14749442265529 -1.575225188408936 70.36612460200956 -69.94820035261309 0 0 0 0 1.1464761302423359
299.1356338731249 536.3894890382504 181.0255991012706 794.6860010811583 126.43805098718954 881.1707640929346 192.05230853188007 657.389157552247 221.56844057330457 616.5992343582208 222.48107221988104 586.37772701405 55.35653250152791 -93.24233302882814 18.835028654360215 12.377704134354033 0 0 0 0 0.09421587380741991
27.5778254654006 708.8001026896154 235.66158294484245 694.3153154706068 232.62572849201894 829.6678693429891 255.04087070388252 770.0882559452655 78.26374079476179 627.0574184563609 328.3156034724105 591.5347103969391 65.30820516538796 -52.365031443607116 -40.902508017545046 -46.47089851745383 0 0 0 0 0.08568113604379446
254.836659769614 822.8614931136769 336.3972332369902 713.4346209903103 45.116328800986395 854.4610944180504 327.00048317239964 785.7559117012155 320.18437853258854 599.257635394287 225.28837374792374 746.6755630093035 -34.86254266934104 41.50453729544864 -57.968155702371014 35.32398069183529 0 0 0 0 0.3148324117777157
114.11700166474586 893.8000517068481 184.63238587414338 568.9385044248176 142.2060474913142 552.4173271614147 22.795399602075644 860.7402092116947 225.7712138123007 593.1246658049236 276.7641586055245 823.321662220568 -62.00427856959245 -73.26631506797531 93.3419430453954 39.41950062792563 0 0 0 0 0.4441830102455252
178.28525372187943 512.4200014183408 76.4229338534464 509.9648509234355 30.703479662652818 691.1682615453398 300.2455363968446 855.6955800609462 1.3500457426571533 586.6311526247567 160.07355382728798 552.9589355813584 61.715833452058604 -3.500851108208664 27.010933004616618 21.725570625104893 0 0 0 0 2.2447982377231495
142.2472206376149 551.8962958967854 295.0992541460065 616.2013732977175 197.46684876010906 674.6907869006524 24.726658208715804 564.4993188611912 6.228728205692939 755.3247740845943 278.99428657213883 612.8430153128452 20.073202308449197 6.128057869132647 19.86616168572499 79.21370047704985 0 0 0 0 -0.09367702138073442
84.09969994038109 830.3525374057098 141.89723897248638 733.1192656892166 229.34155812621523 890.8250684499071 222.13382891868073 668.3199838065271 84.3595807662035 631.6484201520998 354.56147097546494 572.5759316335185 -40.31853999254431 -2.546229721199552 -32.26157301258384 -84.48945301234063 0 0 0 0 0.05690320117247483
357.719805861339 743.6667013637527 265.50243901658837 576.7015263677313 77.58420800321186 879.3987728746629 157.33728609354034 635.7673862262309 175.5396281586972 799.8518756468003 312.0236831350863 754.8374259058866 -38.348002739661766 65.17817741888857 -71.85216399686661 95.79240548637523 0 0 0 0 1.7563882193705584
67.72874292368539 870.2502573991881 48.9225272282887 542.8410425564604 105.88861008812283 885.8073559514435 52.837002648637934 805.2690824723113 80.22828539337934 839.564583533926 31.253314067379453 809.2672836889819 -85.81137034014506 37.618850472008205 -25.27667975779309 -0.29632840156719453 0 0 0 0 -0.24734518925545645
143.735401771448 642.5574092730825 99.28166698444493 513.0223860408945 303.5130163280275 879.6321380037143 155.1034382656791 532.2599263631761 317.74757806766246 657.6771335753401 40.06219297699329 564.8154966568359 -49.70413511306584 -66.56923809448745 -72.00839875809713 98.67213950046582 0 0 0 0 1.1374696230545904
318.8316677830296 531.1021555287666 118.92258440837635 707.6885296008353 308.31944770809565 619.3550214057487 94.71237094913702 898.6496323158565 54.630144624021256 552.3969504807585 342.9251766693243 841.3598980276192 80.26912588666283 -94.2134760324879 52.83507858343961 51.35313251800247 0 0 0 0 1.1264473737819687
146.1648319663845 708.5200579384309 67.4501445531116 519.735560815424 20.885289717567346 836.8875910607279 355.9072375620523 821.3464058908008 300.59581925769317 743.6532379984084 249.4611200660912 745.0670753767499 8.569590017253503 -6.906221955991171 26.082146706628137 58.82382198449665 0 0 0 0 1.573513235329862
271.14979696632224 569.0463528955208 354.29224107337154 825.0396296316926 278.4208708927605 828.3391130439292 22.222566909107396 592.3128398099435 149.0764781245531 885.9723137863746 308.67441755137514 628.6174240045709 -43.78864157807265 87.51239104836662 -70.6039101095898 -58.18329266484208 0 0 0 0 1.2453332686602074
286.2185940003259 663.3653198900304 284.4797809289377 621.7296474504446 84.4543893731267 542.0862458400902 70.34446481388156 560.3733176438899 47.323550682970534 550.132813459416 214.36559640274018 558.7319713238279 -20.37726808486366 -55.28153717555349 -76.30943400643596 -91.02648631935469 0 0 0 0 1.007733031421592
341.66555195802977 736.388563096612 21.24910058409445 697.2576345512797 190.89049705153954 754.0667267146837 216.55010318460796 660.37547506538 116.87895449468859 683.2160114123154 208.38075412180794 873.9119050010238 -44.76056089488365 -55.276893624322376 20.5199656438175 -79.05366541214865 0 0 0 0 1.285433669710407
242.27528100034306 668.3370384460209 227.59922601025946 811.2499849891528 211.20475015449523 736.2853854687049 95.60345629871323 787.5727146900058 185.91731490811662 721.1693925039368 211.66306808280487 720.9782253824476 -54.855483423338725 -98.97006496674227 4.448258886185144 85.17685608953536 0 0 0 0 1.1705363708724557
229.07367322385326 774.6255172576128 280.4162255200046 854.0704189910945 99.15649524306372 656.6112424981227 232.3042950535858 707.63050714802 81.42025232629436 769.7788729577401 212.7210043766013 811.5608174930461 -77.34500579300921 41.51837390394883 55.73832433134692 -94.91685505494681 0 0 0 0 -0.13695114401137765
303.3025579340656 670.9998195441334 136.92563645609414 705.4565241463653 185.10916502157525 512.844683526236 300.716011562572 740.0178355840428 111.82098599431686 737.5052679406001 197.58461635264402 616.0529556410557 -28.899899829598198 -60.36165657512527 62.074511714736616 -31.34070667405284 0 0 0 0 0.6016682216426726
285.6130746931742 896.3817810258253 310.4939394373598 720.9820450056008 160.9846224185706 848.4829769742857 5.228050949553573 501.6523589857015 302.7881994749207 778.9407291698938 47.12530947641451 801.754099741496 -57.64844836574709 85.25188497241291 66.54421271122158 49.647190936490176 0 0 0 0 1.0242878493952572
89.47136302191018 750.1343376971336 233.23679145299994 540.5848073276461 173.76355004291392 841.8526151157462 158.17268318604292 609.4752007177635 25.220485861010097 820.2344845775394 256.368531658899 859.0877169239855 -83.95625913892191 -29.996171191294934 76.88642127342357 53.0103347018682 0 0 0 0 1.2201150485345205
311.4805556822961 675.9984559309474 34.50944240530209 778.4315738119883 172.26329180754828 535.3046290053284 220.27909494687302 625.7375993052709 59.96857556131882 783.8763501874619 83.8336006863581 665.7610710301244 -99.73265117814918 -42.98883399315403 -14.580886920583282 -67.70387024380946 0 0 0 0 0.3134171035053557
241.15760890130056 575.9825257306394 14.22388072302816 667.0733494128806 41.76772812485521 685.8990486703951 63.84068623246473 557.7518499811797 215.6492778199967 615.855672360908 256.8159379968829 856.9355909614567 -9.91185128899042 44.27921458459656 98.73803957950287 -58.70740243746013 0 0 0 0 -0.05156087824565858
248.56827369616434 620.2699965770278 337.84104053846875 862.4414546927826 35.95798328249985 557.7158935381439 49.12779482599572 650.8824943688326 31.203119049642606 691.7791427376251 137.11580736831564 687.5860679040006 64.15967072920964 -35.479910719388116 -4.447284057651586 60.63232590663438 0 0 0 0 1.4574150688668779
69.17020591824465 625.7741687980931 23.036251882470435 871.6695503298633 11.991847786336391 540.2383506268875 273.6050411867143 784.2641735305858 348.81124181485364 836.7304020626073 40.543861766992265 756.2800407295467 -58.268780276427435 -80.09643096791027 -35.244929208459965 -66.53085997737719 0 0 0 0 0.6005102421471054
148.18422010978853 792.3193693934097 133.14586351009692 610.4118130784996 192.41713736313588 661.8436388573633 195.47534596967458 523.6037879300787 57.30790341860026 749.4448958945146 203.60882527466032 703.347937050486 -85.58427346290702 -15.677108295974222 40.42651162071681 69.84808724695725 0 0 0 0 1.4926691112874813
208.66219825885233 535.5501515187543 123.09460475223494 891.752535488589 196.42123541499367 694.049217041781 35.22184126457712 842.3150769033118 267.9701337277887 567.5722590933517 345.6381973819024 855.2460219092894 98.63752595137296 -31.27873604876865 85.6180425814309 79.92886176645749 0 0 0 0 0.4073849951641656
305.55325760270586 619.7443255821164 143.46311269905323 505.4017763623289 221.3955534648732 720.0214393351908 26.89052239762518 698.2741015888771 167.41855856526757 683.4020315036921 94.46955554987788 711.0100642436873 -70.457449373016 26.469112137525713 -65.32196665943135 31.091745718050504 0 0 0 0 -0.08432740915726544
310.6542438638571 600.3314978721567 309.74343430692295 539.939498593091 4.913107924343114 709.2135053656037 300.96385887411606 899.2220820687762 215.80807544146975 603.9362114465498 322.6186249016089 611.9671983253119 -29.801362174071414 20.503456249328565 -4.095363342401484 59.72696709570499 0 0 0 0 -0.8749700758529115
302.6838424294893 563.7755775359726 338.53218185205327 866.9525866696038 75.76079978951353 543.9568010722605 286.34599549586017 810.0751787752758 132.84388223733757 585.1420950645676 294.30941195651707 829.7631246096144 -9.160123813960325 58.63901217600315 -5.388391975974358 81.92443976752992 0 0 0 0 -0.5574692534201549
60.840051767805534 588.6431425180442 259.87246435405467 645.8888292434219 276.8942158991353 541.3600665425622 261.07971794849846 576.4783653850213 326.4647821019097 532.1722033341553 221.01444529801154 792.621919586983 93.62868916895849 32.318692111039496 -17.83226748065219 -56.41022009738408 0 0 0 0 0.2503715531911382
24.839294492986333 571.5671553528272 132.1827319257136 657.7412115721274 31.96607842115759 844.9394749646779 11.612727898433501 618.9987029227309 83.22112768640817 741.5785549774171 58.228193569561746 652.5793802440677 24.057828300173597 11.215735374507858 -88.83991218900272 79.96702856386665 0 0 0 0 1.8030933923584378
219.60920681319084 517.9937145756751 154.0322675157274 558.6833246070856 83.82659461159996 628.5021560773491 244.55368763026416 856.8828953332079 190.00295183020867 801.0421993876419 286.738496750704 759.2835329153631 -69.11863181175772 46.74961672750371 -69.2969079513887 19.380860003001658 0 0 0 0 0.03730332600676234
238.42529736337696 702.5424473577939 99.76154308916999 709.6877086204295 163.72493942380257 757.7206556613644 33.12026325626458 657.9759537737651 118.68026494584598 874.4736645028581 93.52554734538128 672.3209796289914 -57.86023838112821 37.618900226723156 58.41897872851462 -58.31588285828497 0 0 0 0 1.1609723180016593
227.9492039928045 592.929889521178 303.6444226908422 885.3491757199483 325.94587415909984 578.6323375151259 84.80030249412269 518.1411994358976 188.4575915780581 868.8177224548142 288.5472706184089 754.9260222850069 -44.98970653158034 -55.1304180582201 -32.037492641829985 16.410961501761918 0 0 0 0 1.0275044591051663
253.56082590552722 708.3996643287945 279.9878426073267 653.7240024117227 74.88605626385832 573.0020613439659 85.83372536049123 738.9617186389337 256.8599824494321 828.5260214603495 178.83377297256845 683.9570276830252 -61.12733379877218 -18.146695650781936 -8.803795916131605 87.90911962098386 0 0 0 0 0.6403962025499776
298.52852666975275 887.3659107914661 298.1339208869594 672.4677279158932 10.267749694423255 727.7137524034154 289.7025452690729 880.4582154991613 265.0305308676297 544.343871599597 202.9288551866182 664.0236129369462 -52.667890525618844 24.286123090264738 67.17373553009068 70.74264414010679 0 0 0 0 0.5179077047966407
243.52246620362962 533.7334062255244 310.4317917323627 573.6354897513489 79.89038235761713 665.9903462249517 98.57694070697877 832.4349562614444 107.57587478060147 778.3743198145579 243.30883561336435 767.208624625646 -47.438047785172486 72.6675672394997 99.923652644063 -39.20808599077048 0 0 0 0 -0.19523611195492974
314.2598961105177 623.4661382252926 108.44839395703502 550.2595804132853 235.7341006044925 775.574570129967 55.913239704657194 897.5989842870101 313.93352221415785 546.8689496424996 182.9525783182681 776.1933620842506 -43.644905009655986 65.01443843550499 27.45470415835554 21.46755007018035 0 0 0 0 -0.19150484469143525
288.0674948787545 614.9152518412304 43.91065965461466 748.6681263685798 45.989032835782176 736.2073558618986 153.18661521317208 526.958950382116 236.45136235863492 655.350227835967 1.9041952803339868 603.7542643834335 -32.1164558699316 -47.25103008428822 24.937748737867693 95.12623329276718 0 0 0 0 0.9375251634866435
80.40576368042835 583.5642313988519 267.169916969259 841.1640791555765 292.1520086752195 611.5615433835843 237.9027302554901 717.8156104803961 83.25927994916597 777.1077540279243 175.11953547002045 802.6498192945148 2.7790152562785977 -89.27607822604583 -77.70049351299961 -97.20387992364903 0 0 0 0 0.47424758900080854
109.58720822217728 706.2163185892716 100.13229687033335 556.3180696657475 116.49388640460738 652.728737014962 160.16724321293623 526.4172544387419 251.90200512587919 839.0058035041907 285.39781170461805 880.3112649597409 55.65710006689659 -74.2030068503442 -67.91609957102511 -29.229976611534013 0 0 0 0 1.4160709120621802
93.06458424044055 696.8429775281434 44.10485190461286 889.7733314920843 261.52576215519866 736.6055022061366 342.59916986895496 572.9922176068069 66.49164657481327 764.8856303196039 265.83929387646447 881.2910882793333 15.483132943728165 -69.67490666538902 -38.08056164277727 16.617691821910725 0 0 0 0 0.215031734511604
263.40726728508764 520.203300197831 275.7674654064799 819.5166888833697 335.40710677594564 817.6336842270641 150.8220728903832 688.7929678322116 179.91811677172672 747.9901253903877 1.5494801550709392 561.8896483495213 -66.639028262447 2.2092509309400015 69.85117881529175 61.36083207043205 0 0 0 0 0.0013630735147117656
111.67057968518121 633.1290316486545 148.70424656518472 554.2679113682019 264.10708675923263 735.7117677216731 218.18190198934096 596.2283440974765 251.8779633262547 877.2439253542896 266.41292479646137 836.0753245955008 -7.589115978635164 -61.38845077719826 -20.910547656999086 84.56315662192318 0 0 0 0 0.3207938617734138
17.133018920393145 546.2934025318257 29.06103789611858 751.6319019028447 271.66542016431384 585.9767228289406 158.57940039484689 510.1537818672389 352.0498137407402 670.5677644576024 103.36876136827567 507.9582141763941 63.1903699514705 93.72510840891499 47.96322722396596 92.11654557342814 0 0 0 0 0.48960153934944106
340.8604943145185 760.5644228119236 349.162609581378 566.165604841645 184.93577811843423 680.2436913668158 71.11179853322378 535.5464444485448 64.5492557749119 520.4694310439106 189.9622565926622 668.6130739099162 -99.24921232864887 -11.175648033709649 50.1603588746128 -6.955712785207396 0 0 0 0 0.318263462134952
20.165484854245964 841.6421004094686 25.69257527781563 578.1448454983504 99.59118724538452 525.4674976713566 351.5814527328481 796.5088680874755 300.2798257012413 826.0050649761426 236.5278412995744 855.1661699325464 32.337741960813986 -98.26200223315857 1.4950264687445696 -60.51894593067255 0 0 0 0 -0.14145439760525036
277.70740198289207 810.4257118752178 331.01066414593674 760.8669628511425 228.155666899796 596.956458184327 300.52052729918967 803.2255259103573 174.56100384038018 896.1812562870801 78.60749961599444 854.3914002180923 85.05544626198511 -42.612997701104824 45.16567116107797 8.334065138344755 0 0 0 0 0.3460120818991008
51.628242995512565 821.3103457110944 328.52232359952757 516.9409064109994 351.0422882779544 854.7091842466403 332.03609085958266 715.4840683030227 149.31967763754727 638.0940278332423 158.56335296508416 665.5622454575744 76.13989446792007 -48.29185507316043 -26.571761057522636 -91.4019443036945 0 0 0 0 1.4351132415448418
98.06160379589373 838.7640126472053 72.26288836062923 653.0211274121893 356.1193083773588 662.8164052482896 101.70971212397347 805.4616320033789 17.571698651127633 815.1860769570492 308.7300770337038 852.6458082516178 71.29020852071457 -37.284649467181396 -29.988977537268298 -91.55694871245363 0 0 0 0 0.35411793836807165
315.55617021331767 800.8123678874997 115.7675909357412 638.4921632340048 317.91814411106435 631.7319676964951 152.8072120845712 705.5680451186972 79.20051121782507 775.6073038649763 197.8461738369815 863.7796923386243 -30.329630733121178 -60.71851684848537 95.75004949215585 -89.78562899592934 0 0 0 0 1.124388743567627
332.2128572325382 835.5918755449918 349.1975112399251 792.3201071266378 46.03521705323861 554.1681724374425 91.15352995959745 873.8798010843119 312.8306353100824 865.3505924265414 92.17180971617182 893.0882466340848 -37.25168063861619 64.47512886254603 -0.27315347141308166 98.28107543305592 0 0 0 0 0.061106237860089285
58.113514078115415 534.7980674669054 155.20030692759462 783.7357382894793 119.4817421597854 620.5934442859299 294.6652224701054 655.1570750621439 231.49866736145208 785.5143272110877 187.87283608010375 641.7401327179175 -1.8126202894460448 -7.033269999447327 -61.97951941122246 -13.85320279579878 0 0 0 0 0.01984785731432248
165.8357849146458 792.0242481057257 217.55025407701382 607.9959697796726 59.558036686635056 666.4033937957688 256.9315779471753 724.9003556832298 40.785345983639544 755.636413610664 107.19706708658715 777.6180383980698 -64.78263589757253 -28.793564916833404 -1.3255422092946674 48.944935768745154 0 0 0 0 1.1891498190604626
79.00748696019521 561.5848341590322 6.4475059574030835 881.3714259512931 304.53148615937096 737.9191094589385 189.77179541123007 680.1988719027836 290.57004492475977 708.4527133229562 5.349709604003587 603.2839002411665 5.393185046809762 -68.21286509768115 45.7269108341674 -27.084511976607843 0 0 0 0 -0.6188850548146851
194.60702940868362 696.5886643860686 196.75360056243423 570.8424079483243 67.66229102849609 894.968165259534 216.00750444907698 596.3784779156074 252.23980538428665 895.855156679201 244.31511387522818 650.3619359596546 -5.997300269581785 72.60167393138897 -22.610059076550357 -94.57921114115359 0 0 0 0 1.267377767205451
311.64272162057097 749.8163634106967 160.5617049527711 881.0175992753678 39.46572277437449 866.1091025707256 58.09327314527557 617.0127046871386 51.28929965543004 772.1965943410534 259.61995721786127 714.1949002712894 33.77591863122486 68.5650363620783 60.31509561716576 -37.313628205478246 113673.71527569232 13764.293808406219 1.1367371527569232 0.006723983465310945 0.9350176487975949
303.2776129649703 753.1255675368262 156.01220626068834 878.594352656457 43.21133808312211 859.2332893672859 69.67904243491427 613.4149581398561 53.65925167775799 775.2335770693232 252.01245500670515 706.4926583726963 34.2652071304727 69.29799077049516 60.648574565126715 -37.7148392439138 124764.23364104955 24694.554228640416 1.2476423364104954 0.00787353920464389 1.0114361602711788
241.5906467926922 778.0121968812055 89.21630974083 866.0522734338338 297.3523197678103 803.9505447761243 298.33697734901716 667.1703347255722 354.80954988199625 560.1485862657692 301.6385011401094 595.4073635911433 -57.65226462588249 -28.51572600865107 57.807342807219214 46.04629064501603 55698.32665017974 10391.35642397519 0.5569832665017974 0.0007871482484411107 0.5333688190485641
83.20834540342989 737.5185941957667 357.17134650945025 502.5707460933161 38.12945692890278 851.1291264723322 48.217580684189784 567.9967384926284 59.54032490920587 851.6055991545784 220.96771034311357 701.976861395694 44.83686109472714 83.31982885053918 52.8222546072208 -23.43670151197503 55719.456338870266 6608.122670995304 0.5571945633887027 0.003253155371183806 0.4595999022531885
294.3655146253695 745.4760379514834 169.56258509527538 872.5964511323231 50.828078847101246 855.6479266507624 53.8220956514201 605.5076916509175 40.28205825205794 768.382194708125 258.92996889926536 719.3075866086631 34.087594098723066 68.77163858554798 60.34142824683933 -36.900451403516826 142362.99359508397 16424.603569171493 1.4236299359508395 0.006296435883059253 1.234736859459062
295.0915060433567 735.7108867620123 171.99297743643285 887.3781830986053 53.27568006739297 855.5653536882396 56.49781613157665 598.7995430503505 38.78179864223837 779.7512230345385 267.8659386151372 701.1848733684018 34.40016646647722 68.99934328977034 60.58151949305162 -36.73097264204854 110121.96907740059 13509.240154455552 1.1012196907740057 0.009096730247684585 0.8283177833434682
292.14552560343475 569.1369405000135 169.17833065129693 793.2371864203083 51.11936906496588 843.7094989710816 145.37400470364383 567.691454514318 34.93775872088206 638.9471187182344 163.47215803629516 727.5571344703916 -35.60323738701549 -19.57411825081469 84.45623910971446 -24.289455038598625 49942.977755612614 16923.36024776536 0.4994297775561261 0.0010429056649727782 0.46814260760694276
188.5732262332496 686.2182522124249 115.10691330966245 743.630649033294 70.82225606645457 856.8050668235933 92.74642009865332 592.6194359635772 61.154162345845926 701.2718922171878 309.2674531170909 649.8468040045884 29.311595274107958 54.31237458978168 52.28004350960319 -53.08905357651659 129255.92664515924 17503.01032692402 1.2925592664515924 0.003143350360821764 1.1982587556269395
294.36323930246584 746.5601887177957 169.5202520296594 879.0443597522806 50.73411621440709 854.9481032278802 60.082698044532584 617.5454766440691 47.11092714409881 767.66003582351 264.21168240654464 716.7387947557224 33.68697506673998 69.213039992923 60.447765547396344 -37.59119685444762 124348.0544447458 22024.470231060455 1.243480544447458 0.008962382849600112 0.9746090589594545
295.3699238796363 734.7737771206631 173.97887522204738 882.1319558671487 53.911963916655964 858.8184091768477 59.14406445880897 599.0085330085083 43.454500362554484 771.5959799821777 266.80757131874316 700.5993172130792 34.11590644371248 68.50879288990953 60.93974835688274 -36.98775163335987 138869.03151873098 19669.95346562792 1.3886903151873098 0.014233941545988607 0.9616720688076517
300.10048082594466 745.2133254367199 168.90424674972482 881.9901195313191 47.333207437947905 863.4518552813824 63.25095450910006 606.6444989877343 48.44164939289179 771.6445876540218 267.5936421422225 706.6996149889359 34.31305244919061 68.40804181202293 60.41125399816833 -37.61046884647557 123186.21850300935 14616.729204742702 1.2318621850300937 0.008253945070551183 0.9842438329135582
299.80894707816685 735.4318077047818 171.79478676310666 874.9437439138962 52.67018042132793 872.718026575708 69.37497978821017 598.8072604982326 48.24863206854488 774.9089953030917 262.46697623775066 699.4620868028567 34.04265193194137 68.77431623617598 60.87570132060123 -36.93606668458489 129725.08383302458 16176.334166938312 1.2972508383302457 0.007352692258658194 1.0766700705705
321.0676413298025 689.6668226865155 62.2061928408475 709.220380505154 171.65545343417566 527.1676154770995 224.47400053475113 577.6312759667019 350.1019511338665 776.3367815648829 223.89925970373315 603.8240022541846 -81.77216992058212 -48.72446510227013 -62.287964722308416 78.90582581344611 55245.16028598144 10795.947481050176 0.5524516028598144 0.0029426123186459857 0.46417323330043486
245.1522836398426 713.5443186755404 242.23214273158987 679.7420673941124 69.47196393797 861.4499941917452 133.2843216452672 594.7466316317624 20.887721287100312 585.9932573541159 139.48523863006332 711.3039179578892 10.503922358850588 54.20465857254848 62.54268088311014 -37.393244989097084 154242.4409382664 61489.846569328605 1.542424409382664 0.01460393345723314 1.1043064056656697
298.10919748446764 744.4989910601049 167.55577857679683 877.9331428700449 50.04860677876917 868.5006022740521 67.72868730749082 603.2943308344372 50.1840322414139 773.0222567706302 257.7139936864142 707.8577692355528 34.41274493903558 69.16918642335709 60.624053899006064 -37.31822509842233 134782.16371644274 17384.008833870972 1.3478216371644276 0.013092643858829977 0.9550423213995283
362.0933237341814 643.7224125830195 35.46844288603026 669.3646280764551 126.80489557007068 816.973940514551 120.89032773482376 847.3899944208708 188.71609293342274 734.2272913852383 335.4493593874421 597.0361066302311 -87.57419426726557 -24.110708260127687 -66.92473639682393 50.29962850077229 222624.13434409088 69513.58288229741 2.226241343440909 0.013152962872462402 1.831652457267037
97.50962999316535 803.0551168801975 145.8518969351638 874.9955671447151 116.74027226581717 789.6500879244295 237.69089944791511 594.9299556071023 183.36253958861832 751.5533542123754 344.6431638478674 642.0756614541937 35.228981838927595 44.68477587563622 85.01358829915478 45.66144678779517 109979.21559179845 26542.7568841978 1.0997921559179846 0.001521910690421543 1.0541348352053383
314.7068648180148 718.1409220294545 112.2851557395893 842.4265413495216 63.42593982998698 860.5178900194153 109.8510486799057 522.7046355750301 126.8149595635364 735.1558896802471 290.7667282882662 767.3596001713638 30.14626176162524 64.5686209416794 52.35944845895335 -52.74873058411319 216722.43778294904 37718.75656178606 2.1672243778294904 0.005086820693410257 2.014619757027183
303.72038929012695 737.6722683664094 166.8314961571247 873.6507406322147 43.63881767657407 865.7161112260303 60.51690395972453 599.7017214741276 57.19345269660819 772.8821020056494 256.7515427576388 708.3261569010356 33.8342169237015 68.99184750618564 60.70065426018392 -36.79368091269948 132518.91810513762 16323.775655547754 1.3251891810513763 0.005770429808247995 1.1520762868039365
174.05614974212213 511.4507195663607 77.28149612770166 517.2932124115137 26.061652025581992 692.5424554941154 307.3063978033198 857.3123697871677 -7.852282721924011 576.9487427016705 151.28228368270584 548.7556170751818 61.395945558110796 -3.394864967756505 26.604754897776086 21.792415314222545 66685.29647941141 14073.667941678244 0.6668529647941142 0.0011858635893244082 0.6312770571143819
302.43557852633177 736.4925063574761 166.36268550620568 874.2188227093885 43.7844879537983 855.286617152578 60.09268394613209 599.7377007158894 53.05365400124222 776.131222440762 254.35668766347285 708.1783744817366 33.572457506021145 68.6433049631655 60.57772439932744 -37.466147700982965 109060.44565489212 18490.281587728787 1.090604456548921 0.003849835628303912 0.9751093876998036
169.61592781114462 507.0368100227668 75.69196058334518 517.1133821412196 22.52533555108674 694.3090674122801 292.96431790037997 865.647559299578 -0.34157888830935335 590.911676085468 154.43384144716043 558.0809439042647 62.10080775655641 -3.0190990481007325 27.190148551538435 21.81823216623815 66710.12374504513 16607.91544776771 0.6671012374504514 0.0008576735107021319 0.6413710321293874
106.81228555549603 812.9678572672449 30.832922775419984 505.1437517390684 123.693446447749 589.8514137938232 330.17179566660525 753.0355596398487 84.38918845251945 564.6631250722953 188.58131408302955 829.3930600436138 -2.4622481337081012 19.50725892907907 38.0379800695475 39.73162642647699 59174.623716109665 9438.471194508611 0.5917462371610966 0.0021982424740350595 0.5257989629400448
181.73669346124973 866.0946606375942 214.11312283981633 803.8128340654278 318.05022692262725 894.8997606721496 43.16320227241873 500.411396817714 339.19793909478835 899.7533535279397 348.0044930990097 885.8405604587532 -99.38496199198615 -86.50354517240939 90.64674434499881 24.766541720663795 167337.53669139874 44184.808921431715 1.6733753669139872 0.009110417185390017 1.4000628513522868
301.1421776892697 740.8250038573522 166.39794045974932 878.5755228069316 41.568593870202335 864.3678756649153 61.70439948450832 608.2378843343263 44.9065500208673 778.2532583131721 250.10672910299132 713.7674718422769 33.795575477734786 68.53287204412212 60.6791480264068 -37.40824049899389 115552.07435288234 14905.966002781362 1.1555207435288233 0.00805330620745612 0.9139215573051397
173.62970453847058 510.3640003822382 84.74161804714583 514.5864604905223 22.781426447626338 692.1352712243787 303.11867499312865 857.8073511562487 -4.509292110779128 581.8311169857581 165.1622784208901 561.8658899403725 62.06731362029855 -3.4409524702279923 27.021107463677254 21.542666409632638 60130.26967546509 12331.383905637475 0.601302696754651 0.0006398586403046206 0.5821069375455123
60.02811086237472 570.4827416054034 56.43072501794369 540.5443107057898 104.1108648283579 736.2911651444182 173.17906732046623 750.8088523034985 102.49782534215339 664.7475731864116 152.8794256293497 715.7295385034431 51.9743383717215 60.48452120868443 75.91340707490201 58.30021721001768 48998.520590340995 12948.178341719758 0.48998520590340994 0.00047809626304506653 0.4756423180120579
345.5643344329585 885.3723939697993 226.6869841814153 599.0204908557308 319.2579518305917 538.3906553133016 65.60737119233167 518.1568314313644 240.30691657269207 724.7666871397613 349.63848041646474 685.5796728216152 -80.1948490987101 -19.29609830761911 -68.15390121945963 83.04591034004272 130680.69003479123 27982.92354112773 1.3068069003479124 0.005046770234563853 1.1554037933109969
302.5934271287965 740.9697490467607 168.8323237569686 876.8622645517049 43.88907092829098 866.1939487171311 59.72717956063253 606.1602172123607 46.78427601012699 779.2422415260378 251.72066084259023 702.9548611913726 34.39477562768599 68.67210831619394 60.84457029235001 -37.4994709700554 113999.24432241834 16397.52893610966 1.1399924432241835 0.006882026630792061 0.9335316443004216
360.0234887361108 641.5063065093875 29.869906103503173 658.912456293714 133.36844326620195 819.7920554465808 137.4897627945267 843.6460137337089 189.1685873368597 743.187727377752 335.17792124926524 584.2398373847897 -87.77102371064694 -23.909832977184323 -67.15676558986769 49.91683103514304 142733.38944825693 50408.66460652897 1.4273338944825693 0.010615150812975654 1.1088793700932997
304.3587544257335 737.75741454206 166.19166752097865 878.3987313814108 39.78772574540636 862.8867763940746 57.02462521109382 606.2031022677323 42.565252880362365 769.4707505712113 254.33571149786326 702.0655360467734 33.620444765985965 68.97178616621198 60.80031968415716 -37.31743779113492 125787.87672196921 14134.048809668267 1.257878767219692 0.006941907082812638 1.049621554735313
169.78208695101537 510.09330884027656 83.00349661347411 508.11424396258786 24.27216296225319 698.7283923752556 299.4232588566959 865.3892193946851 3.0668509976050213 592.8371112240615 164.09185918588548 548.7527445541036 61.34294807297985 -3.698980552969157 26.770637001411856 21.962157930807354 62594.724146081215 12908.79065053898 0.6259472414608122 0.0009433572400598111 0.5976465242590179
204.81380316394407 587.3445256333016 337.71478392168325 671.0685874286804 244.78296092736088 761.3031787562837 281.77718054596704 660.9032877339279 347.79426925317216 634.2382546760805 137.5413907978734 841.8514190393375 57.77920303408894 81.9701318904931 19.860133471239806 -52.22175193869185 36370.21580649599 5631.2577798206385 0.3637021580649598 0.0006815503078700998 0.34325564882885684
49.112304225407065 895.4150333989451 325.8647322847866 763.9147449794414 309.99678164360654 775.3105643212377 47.06793650215778 509.3933281569469 342.4765672734396 882.1119586195131 359.79232605355656 804.8526585511465 -94.10667779570952 -53.27467908009429 7.222967645972915 7.915561860633005 195512.0079404139 39193.56258776261 1.955120079404139 0.009017420933101001 1.684597451411109
302.3014600612557 739.7319690087412 162.82418610821594 875.6563125570843 40.7515939036031 860.5382761126958 56.13473631290837 608.5632471114129 46.27240565397523 775.0327283109478 253.19335527652882 708.2653015118369 33.66164509368497 69.25815384669629 60.54171196055419 -37.54294681807048 94419.70146515293 17701.915936755002 0.9441970146515293 0.0031638992369335084 0.849280037543524
181.6476147630066 509.6534358744397 83.35911315685804 502.7370486019566 21.208119770738108 681.6599296783451 307.4403024068947 861.7191720898516 -7.65225932370288 590.2171621949047 168.31472083322103 559.5193210101943 61.794991650060986 -3.5290879214025876 26.73151186315652 21.47191565671733 54945.90062782092 11904.73000692274 0.5494590062782093 0.0003878390792535422 0.5378238339006031
259.163998781192 862.2366766261225 176.93010751774653 605.3836659092196 117.41711460609147 627.829973801002 192.66767260531796 529.7506782871465 245.76463485281235 591.9131992559221 107.17965586698972 854.5519895967096 38.45206836900296 -15.047446720155872 41.014176589453456 -67.08507362574468 53802.659651621514 7585.560423082365 0.5380265965162152 0.001960796269857123 0.4792027084205015
338.41500947031034 526.1903206017201 63.92897602052634 836.6750872648495 26.640866412279216 569.768966167856 294.48636324409256 880.7335585125693 280.56401379315326 586.5261015794742 73.24449943834306 837.3502107787613 70.88612911409754 71.43089148382901 -18.769661753143026 -55.59829597557827 144778.44446839392 61074.62625829691 1.447784444683939 0.01276124843188893 1.064946991727271
305.6890688848354 743.4330416342538 164.08450069053404 875.3685242569396 40.1440093802786 860.6986902321029 57.44993771489431 606.6020220050982 39.43525064949336 775.6421401037069 256.70725688579984 708.0316397297725 33.969402722479984 68.4592341291669 60.86925255142396 -36.75521184502095 119697.68588636105 22287.311408139136 1.1969768588636105 0.005802552729664239 1.0229002769736832
306.1898804344172 516.4352246180052 221.45667216180144 866.7248079940983 27.513514083059633 548.8930379485823 261.7420653439467 888.5854524031535 347.40616129138607 674.2386591485413 51.53659404734175 873.6234636356545 -69.56565737255227 77.49651085662836 -54.43077416751321 -1.5195374408111009 63719.40343375022 13621.839550194192 0.6371940343375023 0.0034473187207287167 0.5337744727156408
303.2501327404327 737.9760406636807 165.4463732705949 879.5416310909326 40.83602475744928 860.4874772188647 56.8212385787709 608.740847097575 41.420735490340086 775.9484443957633 255.4055223634943 710.2593668881351 33.540524710100236 68.77781617565356 60.692861768910866 -37.52425417768526 141086.9140690456 15452.971837884461 1.410869140690456 0.0048487263212612375 1.265407351052619
314.747321876442 526.4239608982356 227.63691140793995 864.4033825678571 22.56635695779763 539.4416635682055 264.500688203255 876.5164606309487 339.65180288885483 678.604290407348 41.0023309088793 866.8202459528507 -69.66364788289866 77.29463925855727 -55.036680092488645 -1.8116932176307892 66696.15386735987 19105.297287032423 0.6669615386735986 0.004183412399715282 0.5414591666821402
295.6610098354788 739.6384728592418 179.49725973962936 871.0877785641761 219.99272002133395 875.6091959777327 55.75933181601836 542.537523431483 62.04063239001899 534.1536099662038 242.74575829696772 683.2087456382021 41.09008878390196 76.23056958910419 71.14287491704508 79.75179054716128 58856.500204410804 17186.11277086042 0.5885650020441081 0.003967599516180329 0.46953701655869823
8.687670440238122 898.0368000645842 280.6963516247742 514.940965682824 337.86923847796436 514.8854733405985 353.8938793709052 670.2048477462629 14.594845629457343 825.9143637500724 88.72660265944047 596.1479661930691 84.28777608534224 -82.36901042677508 22.71715041076756 68.32830078286642 146870.24338939646 27401.218532088013 1.4687024338939645 0.008894941078044883 1.2018542015526181
305.51939974609763 739.2734201854319 167.88931664108873 874.6167530082713 40.3663124234419 865.7432320307179 68.3585371578485 611.9136533581604 38.61849678567533 770.7332809746612 256.8691408995319 705.0999544717232 33.55988121944951 69.05963742286238 60.41844666020691 -36.751312662735884 119251.69824796944 14134.080762691498 1.1925169824796944 0.005081424266250163 1.0400742544921895
309.46802036381126 527.7227753706412 220.23896143190797 864.1765275501768 32.514647967121874 539.7034144016382 261.08202779112463 888.088405834807 348.17392310827705 675.6638811453033 37.4887952862147 866.6926071341139 -70.00738613429506 77.57958298507731 -54.50873017720625 -1.8824461844053553 85007.20533331444 15652.721167960768 0.8500720533331444 0.005279894858382445 0.691675207581671
149.57316472743213 874.0017096938061 279.5252031829424 703.1465093667133 300.29613249876326 808.902542680981 262.5080256029158 879.461907270924 277.1584954623961 728.8107618239758 262.71066387627997 581.8098572055077 22.410721647484635 29.034818783100867 -56.35560451676108 59.27747431682454 149183.82459166387 41226.78319480899 1.4918382459166386 0.006260816522665042 1.3040137502366873
325.5068880795289 529.7590242976189 94.06824945576037 892.0535582689912 73.72300155651519 552.9731904148052 79.97643697909379 876.282901815165 149.727142499969 560.9023994902825 190.58460453363833 751.8006670039775 64.35219945602492 28.773430887538453 -79.50570641573398 -41.58561050605597 117906.75145058119 34172.103003355965 1.1790675145058118 0.006022093061924537 0.9984047226480757
303.6641262886048 740.8121262379278 170.61207018291577 875.9487747587099 41.18973694478143 870.6241034619372 56.88619671571186 609.2242546382737 40.01611098314763 783.1906437612672 256.529254045875 704.6683508815308 34.34538280509425 68.84239010711227 60.62662366918314 -36.98638799967036 130606.89275742433 16937.839521023765 1.3060689275742434 0.0055418904039681634 1.1398122154551986
306.5066547802123 528.4774416643448 229.9301176315788 853.4865470424535 18.28576564023675 544.597988686589 263.55112985056286 881.8039785708507 337.79412035585426 680.0415394581746 37.40328830225318 873.6567565591313 -70.09022402417142 77.38017846297205 -54.46230780821166 -1.8097182376193581 61092.70684879933 10147.215255200184 0.6109270684879933 0.0013484448183450869 0.5704737239376406
306.2175179417649 741.793688891768 164.89506013892273 875.9811268867209 43.73242601729456 864.8939661447646 53.24479374386034 606.2366580304143 38.98715033578067 770.5625332414252 259.26150550385785 703.3091378978436 34.47585731437152 69.33931251162225 60.379444059853164 -37.134887101065026 99950.71775800329 12778.017324221411 0.9995071775800329 0.008356691316046088 0.7488064380986503
309.57107564312 528.9047170981428 232.4287776275226 867.1949199514584 28.771783535673382 536.2923472046289 261.68532456172085 889.8282651474537 347.68669469469813 675.4843023252873 43.40983367853483 876.1011233153768 -69.8448723102738 77.26179205888614 -54.66402875114742 -1.660883289512098 66314.86187491436 11320.86570995894 0.6631486187491437 0.0019455486480180367 0.6047821593086026
303.2149877698607 759.9439576519321 130.37580022974643 862.1013116475676 88.2217252482906 857.7285355460913 123.33772479049291 500.5843404304004 150.13079756891003 762.2403624695536 312.04572266648745 783.4453333985429 51.23581003290545 58.49538046008428 38.419126907658324 -68.73754226309319 75206.40440825546 15625.298762311024 0.7520640440825546 0.005788427588192331 0.5784112164367846
78.11111029814231 833.9834711371823 295.985163749563 503.11291624990696 340.806578471498 517.1824455282072 151.60346926407578 539.1534648147324 43.8425240375813 827.6212084278568 287.305754620764 542.4047893010911 97.34417102325907 -63.09419631355202 -62.57994627392678 80.87911386896832 60276.16198904942 27164.430056645397 0.6027616198904941 0.005601460833290591 0.4347177948917764
307.1778830379754 747.967285394485 165.02768105236294 874.6313161257984 45.54809817910047 865.8904725069648 55.48143499791923 606.5331353765015 44.06036861135152 772.4153711601685 259.94533274614616 701.6911589268367 34.36681870780588 68.48353799898277 60.89897696921724 -37.1077905465839 123825.73902600474 13770.999618493026 1.2382573902600473 0.011594527378902654 0.8904215688929678
314.1041756593055 517.2056639320369 235.20304626254793 866.7795463888938 17.91649899262535 545.761419913545 260.86689292362126 886.4719508588261 347.7956623105983 691.4536242990922 40.95287708791217 878.733069741691 -69.57038930956837 77.56226947053565 -54.51676265907482 -2.101403576609432 101056.19773467732 21364.860242216106 1.010561977346773 0.006327003157225933 0.8207518826299951
102.99266739544478 850.7617895127025 94.16599063421188 595.7213372711814 144.76274240479228 860.4483325883178 132.52899422175517 702.6422408941112 232.42681162528314 765.3808140439179 327.63437666541614 647.9051999824021 37.846577608564075 23.666378693969044 1.370332572879093 -6.981372607726854 35367.5989503326 14436.657237985783 0.35367598950332596 0.0021254176906751313 0.289913458783072
335.4785777225027 568.0109857082211 163.21290334869087 874.3230907923893 68.85397343164911 801.636207741001 128.49542889377372 865.4130629608967 335.89541442201335 553.1660418944518 98.6766737620001 840.8274226187466 -87.95606743118746 62.02674534813556 -77.44986956191816 -63.6479132276528 63936.9907293834 7963.426452281404 0.639369907293834 0.0023905002324932615 0.5676549003190362
306.9337978835026 743.2202935123846 164.20673725200714 872.8647274215731 43.744888301515616 864.912943243897 57.85713085464867 606.0865428388139 48.39886924378306 766.697761661838 260.90487358155633 705.7281674132407 33.577324539658804 69.02656911312874 60.65748710621183 -36.824102648520615 124957.30282671214 16014.92377424126 1.2495730282671216 0.006846384317254236 1.0441814987494944
305.2128497214367 521.4083039466198 222.60277396717655 861.8631678343996 25.64499920379527 549.855890906223 264.23758640153955 889.1083678950952 345.17162895887026 680.7937719232083 40.01685837774511 872.7767657391827 -69.74826933995972 77.12004032813994 -55.14004942236082 -1.746535171022201 75371.49863829195 12424.706114490315 0.7537149863829194 0.0039039575814280103 0.6365962589400791
303.072837031246 745.4182162288618 164.9994975788722 874.288772900855 42.481056825553594 854.498784729384 54.82210971610364 610.5240088791646 52.68483899133494 766.4624730628877 258.02906578110253 708.7023236793679 33.899559749500206 68.72376926133843 60.27633512618621 -36.72518871925572 128530.62273372868 16285.931045254123 1.2853062273372868 0.011729169200140077 0.9334311513330845
306.475591506855 511.7176380345224 222.73932856914433 866.1874410536045 20.798055235411933 546.3199926600298 264.28057121591144 891.7641822635112 349.1428992921426 680.0022401406721 37.94860223087203 878.899834071202 -69.527953661815 76.9366897976127 -55.05381050494929 -1.8237464547458666 61455.78055290726 12752.581196822046 0.6145578055290726 0.00208280252358985 0.552073729821377
287.7767340043662 769.6460323768454 137.81926738455056 861.3722029870428 32.107601323443866 898.3299315132969 69.53124355811588 571.4331729776756 54.48180804705003 713.8474298488818 254.08240918318828 718.889191428685 7.822353994522004 73.66898836308164 61.74905011299933 -21.986580680100914 66609.44121331967 11522.001167619845 0.6660944121331968 0.0023645207027527984 0.5951587910506128
93.36447035667734 896.5548703435319 280.22614249259516 508.2980476815461 332.58781172165766 657.6661828085344 350.6754845852569 528.1080090195029 25.997960590776252 712.57739259801 16.80453002791885 590.6920785488956 71.22936203491489 -68.42615188974379 36.4112741835674 76.12267565054975 110110.59225155775 12368.533306192643 1.1011059225155775 0.0035498470523375935 0.9946105109454497
307.267314360657 743.0750407123281 158.31491668647823 881.8635606286576 49.11981916680015 861.6917714720443 54.74972866060972 606.242027119598 43.32627979528262 772.0297930007421 259.3342449414728 709.9681791813955 34.04496628354091 68.6970505436482 61.052637244043105 -37.097238244524256 104061.1678868339 11942.160420099108 1.0406116788683388 0.008834235145532198 0.7755846245023729
309.0102723119611 521.3338704579504 219.27100525378978 866.7917831779906 18.57302682343951 546.3950412472147 262.0631859225546 891.966365738144 332.05974173481593 675.2659943198013 43.87976524053334 875.9293418851252 -69.4141801824693 76.91867823181867 -55.1211311064056 -2.002696120783899 83958.95844645529 22808.43161757434 0.8395895844645529 0.00419131738183283 0.713850063009568
179.7326072608059 776.5164706430385 82.73382349673119 847.7517729158785 305.67684420139693 675.2120372189531 195.5228504336526 857.721719726452 290.1688016393335 590.912999567933 89.9610587072311 809.1099157873898 -47.684870848220534 46.106566758983874 -59.436544203055206 13.880766188672439 70914.33236841728 17615.877362174724 0.7091433236841728 0.0062249705469314 0.5223942072762308
316.37209984530733 550.4940618273619 49.885001803863354 892.8337403441974 61.872489765173526 803.0083041498107 113.8681319411173 757.3789506165529 293.8116770285632 594.8220511381099 230.0770768586866 858.7329216194881 -58.25112669901654 75.8170167941623 13.747465105754614 -16.892973211727195 147905.78765215442 50932.064488426 1.479057876521544 0.013007456639755098 1.0888341773288912
306.1843503324409 744.863208566091 162.06318704683127 873.3480073039218 44.8492752681062 859.4818738672021 55.39085712990995 605.5204879105768 42.710609529277235 769.3991219786843 260.47304990014754 713.389788280326 33.66844838808571 69.32168767461306 60.303095720939695 -37.313623128122906 132543.93741526382 15095.679213007294 1.325439374152638 0.0061825821293770315 1.139961910271327
308.7642355823963 521.2850238906667 219.61378723190037 867.3164242742241 16.090945430742835 543.1128436522637 264.41544471966273 884.5977526934196 336.8642660680755 678.9121341338727 54.299037215277636 871.3802256049008 -70.10897754244382 77.36389859626355 -54.40829668237633 -2.0658838369387214 113713.21055150543 23934.408142213655 1.1371321055150543 0.006725330506393246 0.9353721903232569
312.01325848955975 740.7772272480292 169.75387689138955 872.9103684907278 52.58022846619206 853.4208053964815 60.92695159475683 609.5061098288193 38.71319372320649 770.3154434242617 261.7110108522466 702.7238138844992 33.615530438234906 68.59348415566761 60.930066565390206 -36.83557670349273 119491.75197602448 28541.581123394702 1.1949175197602446 0.009034272745353001 0.9238893373996546
311.37790476682517 519.419498334686 219.92359854046873 867.5648218038655 17.04372035486361 549.1926293937667 262.0876578914715 889.5840326637367 348.66392689647245 679.5718207125722 46.40571159667351 866.1178236239856 -69.96095435726168 76.97318777222384 -54.647499060473585 -1.4040645992942 64471.242112022184 13627.851816000248 0.6447124211202219 0.0035066892625148544 0.5395117432447762
219.821806283621 683.2255981592548 95.55507588133099 625.8272736299573 175.4796128847622 779.9956657431651 0.4043618844672414 684.4799977481914 111.3351993982046 896.4179573158303 78.87120244839025 628.9324346910375 -62.36663165190386 53.88100002762636 47.796643026250166 -45.101634337479894 156191.83781209623 55645.80628687772 1.5619183781209625 0.009748232894478091 1.2694713912866198
96.3767737264384 871.4231969630928 244.8305149702284 523.3272760807134 354.403756319992 559.2463327552381 349.70548470469896 623.5123867842324 33.33058807773347 644.17308815259 56.723417995548395 570.6828158550982 89.04128403565468 -94.52414286308091 -34.25120817797249 16.93036582977723 104922.00072595036 24160.829566282293 1.0492200072595037 0.006672585306089974 0.8490424480768045
306.91117473384315 741.9598107157714 166.4445331192734 880.7094131214678 45.73449329525846 863.6283338614539 62.110002937690055 605.6700080437319 42.25909823929045 767.3293781016363 259.4688433242739 708.9694224554706 33.56610467185807 69.25912416374824 60.928503938379315 -37.396590539697165 91410.11738236534 21441.311002783466 0.9141011738236533 0.00817024228568171 0.668993905253202
309.29485134136553 523.4525110209152 238.19763970142546 859.6630210280396 23.64263959652933 548.2618225491266 264.8847118322977 890.9937232999655 338.2266397660284 679.5731157081341 40.00238614471052 881.8960351432396 -69.68190527152437 77.37868760635153 -55.16859397296199 -1.4721736077484084 85426.767596521 17927.706107600483 0.85426767596521 0.005290006603842079 0.6955674778499477
339.302708229777 633.7212343199976 84.9001229754785 649.6340005254557 147.49153041407106 815.9689107857525 148.92177188610378 875.4745370246726 142.57274028013074 699.0144720427394 298.08016408659967 600.6931251741045 -87.54486671206348 -11.570574204732573 -68.76804053384802 31.689770155666935 180948.17962157415 45277.09102817837 1.8094817962157415 0.0070783651083457366 1.5971308429653694
336.32968190493284 535.8293503629922 222.99984715127965 870.0736037321522 54.29574610000891 806.8191765012624 109.05768536327031 805.3278735348762 312.77569786756635 706.7653509738216 240.07236835473853 755.7585158923173 -83.99925348546103 66.88995824138154 -80.89785747820773 -68.16883799219488 116049.86760560363 27248.007071386503 1.1604986760560363 0.007787858280308872 0.9268629276467701
309.0339696407274 745.5129367914728 170.84303188097772 879.9384239213334 45.127108461343994 860.6200020645647 61.35319134309451 605.1437081897151 43.77988526732713 769.6503901604316 258.7850569791768 708.0571859907483 33.68827673250789 69.09562147521274 60.550529277330114 -37.037731594282846 111605.62470503173 12884.185679849345 1.1160562470503173 0.010306846298111075 0.806850858106985
314.43588564964637 514.8350851730294 225.96647845481203 866.540508532377 21.960487394713816 544.3249109026166 264.7740269926417 890.0264515704524 337.1034954685309 675.960609035485 54.02853478554661 879.7274862324174 -69.47566060681307 76.86317455562299 -54.5418406191446 -1.4758944286039921 69015.48085309965 16806.436448340934 0.6901548085309965 0.004525778094081791 0.5543814657085429
304.1071350801502 753.3077776472865 169.09384650729362 872.9228317510277 47.99309123629844 862.1195469607603 66.41305307784074 610.029699643089 43.93157690254727 779.8063322713032 258.61023154301887 715.8703638141594 33.98297017804164 69.30305285378991 60.86490192332216 -37.466320539793436 115593.55755239789 13781.59499484206 1.1559355755239789 0.009390662434800913 0.8742157024799515
362.6272541557178 649.23870259319 38.43699489404081 658.5703635719304 127.30666036155485 818.1644223241944 134.51326034267524 850.3986078898618 190.89162838013104 737.7085894841039 320.677085334199 591.146156104863 -88.13866749498182 -24.14880976781204 -67.57134127926945 50.30370876703758 149601.77813509523 64469.3802954378 1.496017781350952 0.01097046287533144 1.166903895091009
19.706240893659583 591.8551452959132 59.9138641458704 529.7207667197866 88.34777210630398 741.0350410242683 247.72183129474024 551.4507519820856 90.8155295694894 893.578032742492 155.79807097229855 729.7762518749646 80.5759819554512 79.17396763259427 -75.93408755621513 37.82632071177122 115725.87574269241 14011.424861868947 1.1572587574269242 0.007706492398024107 0.926063985486201
273.51153411917636 612.0474038456539 7.407856801764701 649.0713517319367 344.9022193814041 893.9789820755539 308.51996352922265 890.1954474061013 209.30137275534497 864.8727346298955 356.6620798159917 734.0159901275383 -13.631414642025646 -78.55614912898258 60.566188436190714 96.12939845966824 187612.5292136175 29613.205274445558 1.876125292136175 0.006084945538926205 1.6935769259683888
302.78705411051715 738.7268266476848 163.55869340771588 879.5296150287012 34.66922495391249 866.4156509161427 64.09218279983955 611.6616305964958 51.32481045547891 774.8477481793796 264.39393133371124 709.374813882067 34.0899300725141 68.7413660359269 61.053964141862046 -36.82540160715104 108963.26629844504 13993.641833138949 1.0896326629844504 0.007481175626027867 0.8651973942036144
359.665310700602 636.1191586543279 30.25169882654385 656.1229673299468 124.88866301847047 816.85307115996 134.85283830952693 858.2676660809237 176.05654823602066 744.7386223289675 328.9220345874257 594.9758590874753 -87.65710695293268 -23.666146463001933 -66.86432018628022 49.850899061327766 357951.7570422999 84032.75990741173 3.5795175704229987 0.010104117614124431 3.2763940419992656
317.5705893663636 595.9187510456327 139.79524511653864 656.6828660165387 149.11025277053395 641.9932096046101 198.1109475331271 692.7451601940655 304.80437796171225 747.8802464041414 110.68401308642868 793.0553562245232 32.29479302428058 10.144452247947562 -16.557640374008514 0.8449670016951529 79570.88361044189 9748.686131267403 0.7957088361044189 0.0022180030806225734 0.7291687436857417
36.76659986098624 605.9608729662787 189.32217836466526 785.5130517634088 36.5880714707933 815.4806875310999 68.45318819132788 517.5721740325572 300.1109013856794 668.0626781292434 67.40856633149062 745.057161240416 -20.942863977490674 70.24300415626499 -63.34299889305885 -57.08281867952483 101550.33113811164 23804.327728096363 1.0155033113811163 0.009694199041022434 0.7246773401504432
302.74406171000373 738.7569839912887 167.4534950440534 880.8834058292584 37.416217838368084 868.0399256987695 59.20622349143996 609.2188981988683 49.29844734785247 779.973970908901 265.549073032055 709.6443380661881 33.97536094791908 68.63528172482819 60.9388137464749 -37.45075149860183 117937.49877210561 14482.581373091018 1.1793749877210562 0.011445513436461068 0.8360095846272242
349.52224388474684 650.7036729521951 38.908954019225035 661.1973177974584 124.8473173803452 805.1846697383189 128.60120561286925 841.316174382694 187.17600059157493 735.6946219742612 332.7948943511752 593.0439263126947 -88.49330270950368 -24.26053876801122 -67.60284445244169 50.385882323394625 205628.9530674855 44519.61371555653 2.056289530674855 0.0031840718749182703 1.960767374427307
295.50572263833277 747.0827027372977 165.1316875916686 880.0842371528274 42.96255460952948 863.1543919031046 54.781523184295914 610.0518736881436 46.85308368973634 778.1454210628199 264.5556626024027 716.4284534801337 34.10079852305322 68.63705152364832 60.42844571217763 -36.92353685478253 102280.42526878412 13357.423276073736 1.0228042526878411 0.006100512990468683 0.8397888629737806
274.1769951746546 872.176303278555 166.31225578175335 763.2843139186521 62.454091484459305 805.785758602669 80.64014438953808 581.7302629752489 284.54238670557424 569.4156393509644 362.6895441081039 887.0431459455315 -36.10550089590401 -14.572541685737828 -39.26215920249604 -72.20428298486901 50991.10084148086 8180.367308718393 0.5099110084148086 0.0010805774707730172 0.4774936842916181
235.3658508522897 606.7093643763938 301.42667820499275 881.8767815410431 343.9629009777735 646.2555440877649 91.1069550796812 545.1201042522583 172.11002768058663 860.3611695911652 291.5621046454704 747.5058353209112 -60.02305420912906 13.679058798828663 -28.46862831969368 44.18541637650492 89351.10570231407 18173.59005585946 0.8935110570231407 0.0038625381827659846 0.7776349115401612
311.59989447033036 811.296492548604 10.35767710180421 786.1062446757844 357.43528908398395 586.6102720458048 124.74623022698106 888.8771835471832 243.63441115628692 887.2363311854274 297.5233414622137 849.7944554035049 -94.44835689921331 -70.4205251324574 62.73586257435525 95.67957082740176 85402.41206729294 19546.248792053702 0.8540241206729294 0.0055582484968458475 0.687276665767554
358.250791495074 636.5021135455119 27.15540739537179 657.4064955717685 126.89350283352715 817.3689193063966 134.85481141465723 856.9823114436487 176.2576174223065 743.2826543260131 329.712169145677 596.7447639463524 -88.44912858960767 -24.376359878910815 -67.17348815011823 50.26194146769979 211866.60573733755 62187.693783963725 2.1186660573733755 0.014522800125838916 1.682982053598208
348.14049589705934 654.5842453153383 29.93383264332314 661.6784322151011 133.77163892044723 816.9660425993941 127.97599336401507 852.3733559188189 190.135406856388 744.826727650312 329.4811173003697 584.9221741471081 -87.67998811249923 -23.55719600945442 -67.4538532531902 50.441891176169534 239581.74725674698 73718.300302225 2.3958174725674697 0.019996575483120355 1.795920208073859
93.69405575051952 740.4153065476755 226.6579326694513 724.8542693153331 162.19891477822233 665.1825022134842 77.51196384738677 843.3065792134178 166.67608656134016 559.5917982654348 102.06944060245165 748.4123076599365 -87.17499428523456 12.591074165080535 -17.957231461340314 -1.10615230805044 167428.54650635103 43117.640840743334 1.6742854650635104 0.013076346804070521 1.2819950609413948
353.60223735274184 853.4634981006855 42.65005192332968 818.5702515240063 43.6682776159372 856.9100951538658 98.64190376528583 538.5399778412967 332.2938110703801 686.77224779753 345.856164719927 638.9464044124799 -58.63981885254688 -23.90090677435717 -2.8484921126160145 10.974726582429554 43119.96686270795 7075.883231394149 0.4311996686270795 0.0014252568166490255 0.38844196412760873
358.400032126899 639.9510697460045 32.52190463329707 657.5789331568132 125.09297636277256 816.9672290358186 134.19795904515368 857.2614326042147 172.5996788652419 744.0807381309359 327.4696717172489 594.4257434334288 -87.83540938621796 -23.950051892702078 -66.43903693686433 50.33014659699475 239906.1136799768 90715.97563912159 2.399061136799768 0.02080992635605283 1.774763346118183
363.6851017356366 639.0645813882263 26.41112573605804 655.6687853681757 128.8323595361421 807.6486849258845 128.504063097814 846.7843484659311 193.49976394333325 747.751342752433 316.8080271434163 594.3911574683198 -87.77738406360034 -23.547271174215798 -66.96875123067824 50.185836141259244 241509.09699105824 67180.1632586597 2.4150909699105823 0.018390652529071953 1.8633713940384236
358.3356915719587 634.3475188004538 30.466936583086802 655.2473989196592 126.17951892411186 813.7445484492509 131.06574877471837 855.9598543292137 178.65873044615557 744.8635939545372 328.69799486566683 596.290017744841 -87.22030602203733 -23.337779692961217 -66.74008048942757 49.773961101295704 70893.20316064887 18640.475193309387 0.7089320316064888 0.0015320373702048494 0.6629709105003433
354.81176965719277 637.6852315148417 24.63128725200037 668.8906040515387 139.33511796173786 812.2762949426751 122.07152649819028 846.6205800831729 182.12217159700643 751.1583200184443 324.205937354016 579.1357357643369 -87.873321587115 -24.206366586412226 -67.66297751174804 50.1599888664675 120728.63395800299 27129.621217853917 1.20728633958003 0.0036396250454955445 1.0980975882151636
246.6250584454663 622.3010759866918 351.63452597749074 853.435882434993 278.67533707253324 851.5304288631833 42.11668898429994 561.8951829922888 147.38450692130604 877.9188890487801 298.5715557256931 656.9675440282044 27.364253724362882 -23.020680188793904 -13.993699879664973 -69.17624824672468 90025.32028308952 15913.905196283025 0.9002532028308953 0.0021226953595691487 0.8365723420438208
289.96234592955653 758.0639317357375 32.335645470496296 529.1629944921729 97.83445826297493 893.9696562434551 52.903883645668415 542.7981656822161 316.7411285956198 816.1555305605739 287.6550873839659 501.7661590063046 -81.01263445678262 -29.72018775034691 -64.99074941939453 28.935934033808024 100127.30500051012 15240.276129671805 1.0012730500051013 0.005680016416564466 0.8308725575081672
357.9890799201719 636.3025479286742 31.80425019277665 655.4401401833268 124.46040793480522 813.5963048452148 134.58674853749486 857.6841890640794 178.21658004461707 745.0707883146565 328.0293088499005 593.2460116079766 -87.70073471561436 -23.43243137574363 -66.91761219971194 49.57929404633536 137044.1630984122 30965.53709057382 1.3704416309841219 0.007812790688866702 1.1360579103181208
349.2329777808809 645.3610875930268 32.5738955052982 654.7085422613745 127.7896927345847 819.0949724213483 130.03665777085328 849.7356860478964 193.47135052813087 733.6139861327505 326.4100496530998 588.7022203658848 -87.65754463716674 -24.061793968571642 -67.56006945464775 50.66485805860626 208250.403661825 26946.54401332913 2.08250403661825 0.004484181470050149 1.9479785925167454
115.07653229737264 755.2913367427159 136.3830884709234 790.835027640551 170.44981716714094 673.6140878505018 194.8452708376229 519.0850300567578 64.54407315212843 708.9313655791174 214.95010394003828 682.182898215281 -75.25351357261714 -23.84275810428615 46.53401947183019 -53.12349012292522 116414.51528718721 22606.32043130309 1.1641451528718723 0.0036792865132976144 1.0537665574729438
308.8837770006046 852.407078999509 36.87023898458045 728.9049797753203 26.664516201148228 857.4017168450999 144.668686562 513.0940823391498 292.20090181976354 665.3018724874752 314.5441591233458 684.570826417696 -84.09984415304788 3.5950730293786464 -36.759882545654634 -59.40146961447158 92767.54609136465 22084.242352364152 0.9276754609136465 0.0013839069597297137 0.886158252121755
358.5230555652225 637.0054353741707 29.91921588357029 658.3742972774251 124.8189825042734 817.3345354674412 131.67246247111464 855.6733794164187 176.12662689110786 744.920872695033 329.3666616384804 593.0569115699283 -88.21356165526042 -23.900814590581636 -66.9129975750765 50.66063829307387 126853.07097709426 42541.11319440784 1.2685307097709426 0.004578388663474818 1.131179049866698
362.20560331647874 644.0681591534292 32.70556324367678 655.0891238617016 132.81173929063758 807.08640700149 124.39048884389234 840.7530728443143 175.62988185728582 748.2202571459843 329.4901163923491 584.2221866888809 -88.52608685220584 -24.009386925325813 -67.51251747135471 50.04638362476642 160963.12882646476 67621.33521777784 1.6096312882646475 0.011571169474772833 1.2624962040214625
363.5410931493908 636.3030736084564 39.09800916324196 655.0177157423982 119.9567854464049 808.793812987482 133.1012737665155 859.8295107239412 173.8601688269994 745.2325794861547 325.1191528098936 590.5241013464434 -87.40427840547437 -23.842833594628594 -67.0463675578748 50.15267046887417 299426.903480425 81086.6833339252 2.99426903480425 0.014124591348692052 2.5705312943434886
348.6605461772642 650.684214000275 25.29234388211483 656.7797261447421 139.2458412116984 818.8428875052529 120.72172943398986 857.6294455836735 184.058725557645 745.7354704607233 327.54397421840963 585.8863179088739 -88.39696407139131 -24.363546758640375 -66.86829821936205 50.59479285476836 211493.12411567353 59984.19273904601 2.1149312411567354 0.0195537639805621 1.5283183217398724
66.34266838015702 577.362642059685 188.54206546587173 886.2953542922146 74.39746485939355 575.5995892915143 58.881041289932604 651.4335265005129 44.93094355510487 549.1199726870766 47.89107473252236 569.603996388108 50.69576814255393 -84.4504796201216 -99.72220649277317 -65.33558066173708 121785.07911018551 30878.499702487126 1.2178507911018552 0.006536176003577267 1.0217655109945372
316.92870755789875 750.455388191332 10.782262248769033 501.75145547140505 120.4168703434891 873.8048584755372 91.66745420637899 501.48120374318785 224.4010482786505 871.2625515014956 261.4357939051059 500.3070688654829 -90.37666095028709 46.10741795371544 -6.273464695419932 94.53030071336195 121924.34502635595 27997.974928607797 1.2192434502635596 0.0025825410881622794 1.1417672176186913
363.1769900364008 633.737722285659 38.60168341646971 651.7220554486461 120.43206267225807 820.1041194556043 133.45440877860756 860.6464060202466 172.56452684016392 748.9399620425878 327.65121922497065 588.5337264344761 -87.80290205165039 -23.246085512143264 -66.5864318033944 50.32278433644975 258977.67322290957 45966.10952575555 2.5897767322290957 0.010969764818214104 2.2606837876826726
352.9965020643254 646.5933883600294 32.99700084241225 662.9261318620139 142.625675185442 815.3973161498643 122.74516337050994 843.9879050429471 190.30871109279659 744.7673729862674 328.1227042350138 597.2655206857884 -87.89223435204072 -24.332576981746975 -67.01349438060221 49.8484072255083 298805.0870802373 62601.63058709301 2.9880508708023727 0.02266125797811027 2.3082131314590644
54.46825852636164 705.9638624081613 238.26459634664576 778.6397392271869 180.68886963419766 670.4275308086816 184.3734484216466 595.446125394512 65.88620234092167 562.7701105288502 125.59602211837162 578.3311058288606 -39.14227789747642 5.179843411775842 -54.991958996999564 46.556221966271906 112030.62719632573 26275.81391676107 1.1203062719632575 0.006884389120824687 0.9137745983385168
346.3631090539064 549.7934601327731 40.20530726962548 540.2685214651879 29.232101970579905 821.8605158681619 70.68982197455946 551.9848754342867 102.14233258862171 742.5998963229349 305.66705690175866 850.6848121750977 -64.68525527152914 -17.336486502700552 -30.22884686490591 7.986706896881046 97922.97557567018 24559.86501043492 0.9792297557567017 0.0035458823116297287 0.8728532864078098
362.27975633764004 629.3198696623001 34.07603554504886 652.2101928013789 119.16907124802582 817.6293878506796 133.64780330623125 860.388008245802 180.21615130842645 750.2810625714255 327.0258544941456 592.4655182233649 -87.24408988408491 -23.30895247197891 -66.99328040161218 49.77796245972014 161954.6788946046 30880.69770232287 1.6195467889460462 0.007525153456903848 1.3937921852389308
353.661654539843 645.5446486912779 26.025864685771356 660.7845673933131 132.96924418266363 810.5883722001375 123.5845606467356 844.285889012202 183.08748439905284 733.7582058473974 322.9254791557842 594.0906108309608 -88.25476080116933 -23.499192676635264 -67.6644267358223 49.87689659642878 152532.6535580436 25715.13465864259 1.525326535580436 0.003690719825239554 1.4146049408232493
363.31988171323724 630.324475425359 34.54803616712786 654.9306000929386 117.62204165684987 813.3945530032856 133.81976964939986 866.7158098955216 178.31453627388737 748.2148071342091 329.3087999266741 590.350141763324 -87.16911638014165 -23.77087007464179 -66.87875755345699 49.402394700962574 144590.99727904276 23368.27105939689 1.4459099727904277 0.004979375404878403 1.2965287106440755
363.8565045135812 646.5719364952035 30.206442101844168 655.4313863600099 126.64853330555964 813.9938100761854 128.62922173781922 841.7560939620395 188.39191207077286 745.0221975370497 321.03992239427805 597.5049572856619 -88.29904988262408 -23.709735555900757 -67.0648117996406 49.97909169637007 164810.7862999349 51545.15505571881 1.648107862999349 0.009394912201523449 1.3662604969536456
304.9641230675909 661.1523185731609 173.48553028038302 626.3826760651107 192.76415192033372 750.1849723268317 269.6054982208738 689.0513569000432 152.51490463722408 515.1602331188992 88.07848611311049 794.4598809209187 63.975693429363474 91.77259538536154 -20.95107900205535 90.9116622253859 55736.27049916397 6745.2494958875695 0.5573627049916396 0.0022253880689706443 0.4906010629225203
276.43469577664723 523.8819304924293 16.917646327388645 738.0218703241608 40.42113802284949 872.1301280531004 240.32771272191462 886.3258197422313 252.49175881474292 897.21243827756 352.90114621100224 549.5361661240393 -96.14803996580315 -26.630535351990048 88.90044678178018 80.47637827854606 67109.42988249773 16454.814959790427 0.6710942988249772 0.0030185678834203375 0.580537262322367
366.7912487446587 631.5979176097079 28.789073680549336 655.7703799999626 119.25847264601262 819.0333840245167 142.1810037779257 866.7589926036334 179.67392138091935 749.1815929366784 329.6288262942569 590.5698166583242 -87.67695769013804 -23.580740987557775 -66.55436578351434 49.64923961279739 225972.45734085137 78442.43831740669 2.2597245734085134 0.01947928454761521 1.675346036980057
351.3915864805927 650.7078795645754 34.08917892327011 656.2453979972173 130.7561127699393 807.6726565860511 123.91971610069709 842.0321167305888 181.14300521883817 748.7138145943932 317.15617128536843 585.6764643450687 -88.18189870155727 -24.42091880965261 -67.29838020353532 50.30648366286707 102090.77131573304 21857.820025409426 1.0209077131573305 0.0033474966723080813 0.9204828129880881
181.37572551445788 675.1149760607407 106.63513584186342 854.6184651997067 151.88903790500552 731.1858511485266 279.63184946879466 552.1695199989477 141.03606951741494 549.2751922245691 145.25544524637166 626.4686404371904 30.69745713000796 71.64444539561278 15.924936063712977 -54.35644975471551 44962.530745781754 11069.960538868752 0.44962530745781754 0.001121947560553964 0.41596688064119863
351.8656959206759 860.5145013567146 29.44714177765232 541.8772466507402 33.92763127946549 855.0277485729404 75.88375019724946 520.9449552537947 230.26776934871012 772.0565010526886 258.0109392794733 586.8953876908369 -81.61336879939456 -1.9575243793141581 -17.720214891149666 -45.44795765226406 189562.1674808998 79464.64810978463 1.8956216748089982 0.016881529803720915 1.3891757806973708
367.90662716542744 631.6047218994232 28.131703999342875 653.952959322859 118.44072252084212 817.690764822968 139.39403285220595 866.9288612890548 168.63180868138096 747.6576546258359 332.8801975782212 594.1186497352703 -87.49173273507508 -23.980671559567714 -66.99895030140543 49.37057377865823 106795.99013955027 36144.56169866801 1.0679599013955028 0.0023987355544582145 0.9959978347617564
364.70195861247544 638.5696656079685 33.352950511847574 657.7130573888651 127.4597546246537 816.9101881252099 131.06397859025552 843.3969868199908 189.2634729884931 746.4576218860495 327.6997977735894 578.8646475336799 -87.59177610786047 -23.50359658236545 -67.6204887953426 50.695326444313956 114051.60022846817 26761.61077336923 1.1405160022846819 0.002644526540613004 1.0611802060662918
367.87326071864777 632.5177452811607 26.528675634511345 653.5627967296389 119.38082407336546 826.4636721126607 138.64140152186576 866.1648892599397 179.1466310706408 747.6352512348946 329.9438029074885 595.999970670416 -87.32062291852671 -23.857793941186625 -66.94653255904542 49.4490130255484 144214.55321476623 36886.604868247065 1.4421455321476624 0.004816281897340405 1.2976570752274503
354.67207874839016 639.056677949946 39.71254862093048 664.5055564603206 132.1657612119508 813.8051479543027 118.6012580965407 852.3879218505479 180.7054146780372 749.2964891341354 323.67497456007413 578.5127909886749 -88.54529900796696 -24.106180860660107 -66.9212110557649 50.38032544970831 335927.74840670056 54766.862627165385 3.3592774840670057 0.014145543980319423 2.934911164657423
167.2599374693363 541.0700195207592 25.06402162712662 740.7399704225179 126.73020303467645 729.3924589888496 222.89962860013088 802.2300518424344 293.5851454886339 694.560330533084 298.3117523404629 748.2944378538768 23.52436608269582 -35.06040361816535 -63.24470897620655 -75.60246655740998 140482.79665100802 32537.143327065416 1.4048279665100802 0.005938101702476449 1.2266849154357868
24.20680618821381 832.5738217996704 38.69050463025945 518.9164351592766 84.23548710253343 840.988502860575 6.022185334094834 636.1988419682257 33.413522510397144 893.3330393882356 257.04861818692757 515.0864437329267 -85.28472332731562 78.09285886654723 88.21259480913278 -86.4023115577499 62600.22780996653 10149.292755124136 0.6260022780996652 0.0025532719281135064 0.5494041202562601
369.06574502971665 627.3530736237202 29.96033407700419 653.3711589235676 118.56854289803428 824.6138825320932 136.10868357647934 866.0478053754775 172.15383059832962 746.1791355840121 332.7484716887853 593.8958745418474 -87.1811447978234 -24.102557097377534 -66.58109597679785 49.86186225095552 246676.9664308925 104446.73451966196 2.466769664308925 0.017708079171582517 1.9355272891614494
363.1739989068257 638.0970902813121 24.33984185661423 658.1799676750699 132.33637290599643 820.4042074379499 119.41034358167218 853.7877480298905 184.12935104143992 747.1437761227355 327.9857709335953 581.5449648357345 -87.89055409996348 -24.379650557348327 -67.67620620926886 50.3185724610359 264229.25178472337 92108.29505835577 2.642292517847234 0.011280763066087541 2.303869625864608
104.69899835887924 760.5532303525832 38.41375498223582 877.1713195539106 157.5485820209986 776.8337611323154 236.56294548548738 557.3718521027647 160.69585609816215 747.8427187061548 353.91284616607345 687.553707433749 30.64205274054052 32.29328471881607 71.70326151444212 49.885646266497915 67682.14120425873 12745.087429502346 0.6768214120425873 0.0013628823095981814 0.6359349427546418
262.5178499392212 537.7557916915596 36.06551161797984 538.6802053852257 30.67840863050939 856.5187880607987 107.82000366648884 760.1610707436544 126.24128026194666 758.9168281257943 334.72057282979534 806.4797127993021 -71.8921658532526 39.01571228166543 3.4186197127608295 -53.58464332063262 72593.45166702606 30089.76935278323 0.7259345166702605 0.010248040575751384 0.418493299397719
368.05433087038244 629.1538476227763 28.860996573924254 651.3192945545472 121.59584570135465 825.942381759597 139.9605614770503 862.1916320234274 172.01831895576169 743.608850696561 332.153351903854 592.9802184030171 -87.20615622524733 -23.177194334011794 -66.9544106596773 50.16041351874421 144479.0110718874 38951.340181899934 1.444790110718874 0.007730586255501975 1.2128725230538149
364.9509836595423 647.2449854456981 36.78119437010061 660.5766290257973 144.09295247717986 816.8567710246966 129.59952468742162 847.1725474238201 181.8495140528569 746.1123751508372 329.0477277803866 593.2533739621889 -88.2407586131541 -23.68699485940754 -67.10520221488055 49.81904505994786 110845.76691793973 19596.533862591954 1.1084576691793975 0.010010769157719339 0.8081345944478173
367.17137648872756 633.5715992561902 29.132843297703033 658.5535731928741 120.14077400082391 825.2826833569227 139.04928512445224 866.3991000727921 175.2541887655767 748.2382989214209 328.5626880518133 589.9170731380706 -87.81427752703918 -23.659968315918128 -66.85008105787065 49.654074932850776 122262.92089347426 24288.347854231113 1.2226292089347426 0.005227190537093677 1.0658134928219323
354.7686713440347 647.001062712549 25.659530913081944 668.0355549751436 127.95307123637768 818.701555582971 132.2856892613649 856.2788521231853 183.09425353996858 743.2744521926924 324.0502093366282 590.7457012958257 -87.74342457133133 -23.58761117373452 -67.05530092351142 50.013999421973594 236082.43601843002 81056.99631717104 2.3608243601843 0.019515640236255252 1.7753551530966427
283.2780558125038 510.19469503096724 274.6882174728298 864.3711896326531 25.336022267519702 559.0290879680045 294.6449442733704 860.6912471259961 325.5605080369115 688.1383819802618 48.44872150236106 679.7893052167605 94.60156558232029 97.92095336900374 -63.48468036929064 -14.170530441156941 70931.32119326116 14055.114650892801 0.7093132119326117 0.004555954231905326 0.5726345849754519
352.23980567231496 844.8557126994499 302.32279506051975 518.6146404502925 339.57035562369356 621.9874631892291 33.836900006535664 509.56714748721856 48.20049451352379 654.9363414665162 17.715950680105024 866.438578576443 32.32161032966695 -66.28382182744896 -90.99774530617826 92.33018061113515 155826.73830047538 34431.82866117412 1.5582673830047538 0.00650259390626167 1.3631895658169038
369.43296259507093 631.3657312385676 33.324093299662465 655.4226319134106 121.64506257941152 825.0619387102739 137.78826858941466 866.7434547811778 170.91420639939366 748.8556631003564 329.427927008432 594.2547918805888 -87.5808974201694 -23.992691788342505 -66.44862415410633 50.073652289261254 212152.72983269504 84144.72504138548 2.12152729832695 0.013703756706599813 1.7104145971289557
359.04466965746536 642.7944971742329 30.708844659380404 659.2808309939517 128.26353233464235 804.8306731604816 126.4798738886765 846.6945252221287 175.26260135785105 751.8095937027706 324.5685635626841 596.5668531368779 -88.05573508957343 -24.3733813634238 -67.65740659803187 49.85839689155323 204679.4743741331 47230.43659520749 2.046794743741331 0.013834346017766092 1.6317643632083483
189.86543021606872 701.9583266118116 115.81099796322019 727.9684365796836 82.90006571484444 859.5037392476738 121.36515116428961 578.6354162605668 51.97926153528747 724.9964844787696 274.1190460262833 590.9017195980875 7.736478663466244 67.57498833626168 58.119117329590466 -60.68562498508831 90886.55572741329 25203.530318760942 0.908865557274133 0.00481104747296951 0.7645341330850477
255.05957440176985 621.5867206241631 38.3228580258482 535.600740418974 88.56897312087668 828.501092777552 107.51067707925273 568.5576458274946 51.093007905699594 698.7664263049928 353.68502140124457 690.3680578527038 60.310180808130866 -17.16243781768467 -9.975867241510159 -66.84501966284357 58902.656154399 12112.971724089311 0.58902656154399 0.002495259956126216 0.5141687628602035
366.5763425817474 633.9226130424813 30.96513513549808 650.7862086679023 121.73973239627696 826.1115009444216 137.93090590072546 865.478955130386 177.23727294133738 749.8554410830116 332.46401124946533 591.0341317531786 -88.11749445979503 -23.27766258786678 -66.6174300730204 49.432278876211186 254332.64664952032 93095.00175581266 2.5433264664952033 0.01604936956839314 2.061845379443409
363.37002864194193 644.5274362141718 36.555922442365556 668.2614566911425 126.62155873186666 811.8989076058365 134.35880251467532 854.6096347432825 194.53011657326184 734.6740427523695 328.6482601765404 589.8695645355504 -87.91552342157905 -23.683825444009617 -67.15756869032973 50.47246703155322 123876.6485494437 26403.38602486924 1.238766485494437 0.005060959901378246 1.0869376884530895
368.7753317557348 629.7105421325117 27.96430169649518 659.0867821106746 116.92872987508557 820.6499125830636 138.9913251540546 868.0970389682518 175.65378161224623 746.7237711747642 328.3779754883467 596.5213568467045 -87.352085294679 -23.180150066213322 -66.72750517447263 49.463664286516696 273230.62481702917 35857.36574236476 2.7323062481702918 0.011069874657795086 2.400210008436439
358.4302508038921 639.5577921736628 28.72676935401372 666.6805252586324 130.3333664810071 801.610910808799 134.54462699655684 845.1682814085528 182.32385771748704 736.8983909812854 316.89932878865255 586.315085909116 -88.12821517450011 -24.03659743040062 -67.1689561241297 50.3929507281366 260662.64027196288 106917.57515035127 2.606626402719629 0.019827659855864304 2.0117966070437
318.8111000298638 761.6219477822465 44.074335863396904 844.661561522528 104.35550227061162 856.9846512563902 89.21576857253187 508.24364916251966 131.56076476249865 738.1552321808606 274.7121844191018 775.8383983270535 12.276206448694666 12.285943759619173 33.9452134851729 -46.21068648973725 44757.413950757276 11314.091560486162 0.44757413950757274 0.002344444479981207 0.3772408051081365
340.743338045793 538.7519186384228 0.7313699645768468 513.7901832489315 26.330221330631133 816.6028952038365 153.0461376975313 895.6968408881804 76.19657563773053 855.2684617143678 307.13727204810914 696.3769025861327 77.66231539745485 -38.53015363435246 -6.413779603507862 -88.62303964690481 138379.15715835697 25810.140589476938 1.3837915715835696 0.003431046616246481 1.280860173096175
368.3837087947022 631.2337668243823 29.43556806012765 658.473008820646 124.75490990698646 823.9922001677484 137.24164691690942 865.4675699561441 175.4772639099921 743.7675046321847 329.7609361323629 593.219104383259 -87.67015729914793 -23.48140013707987 -66.99842788583126 49.856756535783084 152222.96999615096 60287.728953698715 1.5222296999615095 0.011949874031060374 1.1637334790296983
355.81272336733696 648.6723099507071 25.008275495421785 667.3264097891489 128.09937655171927 818.6292001311991 138.26072799699324 853.6457055506239 182.59944905027209 736.8222738553188 335.22080033536133 584.2115659417991 -87.71188860739537 -23.491524562119842 -67.22637431214919 50.01279030629952 174388.73717703627 45004.632219958105 1.743887371770363 0.012889977637982811 1.3571880426308787
337.19900787093167 719.9648896692765 100.67493123148157 837.4939700269695 94.5885818265839 856.6249322209908 161.93718570998328 544.6726769222165 109.4239485832267 744.5923070357827 292.89981886409555 798.5216282376094 44.165907349136745 -4.4084775140839625 -21.145065362223576 -60.38424972230913 71253.56895169395 20965.11242409059 0.7125356895169395 0.005899107598261401 0.5355624615690975
319.65268954728845 590.3780743251396 36.938747525584084 539.4370023537051 73.59813853094732 650.848157444811 124.49521423056459 857.328250987965 89.07246616309472 757.1193174560917 197.05362564119264 597.3309104749865 40.67479910663545 -7.706413890758164 -56.117461960356955 39.500161382035685 62607.13661202984 9249.056632163343 0.6260713661202983 0.0021485557101068513 0.5616146948170928
369.23388777364767 632.9936405039216 28.56848876553831 654.5202947385242 123.55523050393495 824.8599050120838 140.9509401388445 867.891129542082 173.5412798690885 742.4017572739324 330.17160071960075 596.1148075862044 -87.52994455646966 -23.974921508340206 -66.96582951716023 49.721793087557295 57642.424846462105 8400.002530082791 0.576424248464621 0.000777496430054315 0.5530993555629916
345.87277862897514 653.8384500073114 28.185506106828065 673.2975956612352 127.07081888634345 808.2362350818074 126.15159177494621 846.5256450601421 187.42471993859857 743.0729791991356 322.3114230109892 587.1034490895835 -88.0954566002755 -24.052066587446628 -67.38756998615648 50.55828919895944 95419.21192734277 35277.875462165444 0.9541921192734276 0.004822151613207 0.8095275708772176
354.6784407091708 645.266519833728 31.702819490412995 670.8337571887595 139.21666768320878 804.6359267965117 125.91606889549466 857.5569233564194 181.9648915012265 741.2591568390087 327.1639496335657 580.3678067927012 -88.03075922048107 -24.053101880569823 -67.31527506848266 49.9707351934594 124704.56212317964 48961.620487507804 1.2470456212317964 0.007727823408869917 1.0152109189656988
355.9206384865739 645.1920294073109 23.400432522034375 654.4099312249289 131.9963114548418 818.9669395527202 144.52647812722432 864.0681206879963 174.16123871788096 745.7264956708372 336.43418950085214 600.2465820676135 -87.79985958717221 -23.800033656248058 -66.48597099686826 49.42176752077069 91115.18530993623 21767.022130328347 0.9111518530993624 0.0034736370470247893 0.8069427416886188
240.48601491978266 709.7700561708766 280.4532945938159 661.272678744784 70.59666995899099 858.7381052196743 138.72954606611825 600.7833723754422 75.04173805484217 595.9797947773689 148.78902158124185 726.1802161860792 13.71158551874258 -36.722237682347284 -18.468388280191107 -29.289452638922114 118963.79271530075 21013.84421838927 1.1896379271530073 0.003549491329637941 1.083153187263869
70.52059508100396 633.7937251960406 7.184374777127633 639.1277589698922 15.819914898457071 732.7424535726195 56.319273478255376 688.5099293280892 147.33585537534614 678.352968961753 52.11928903839837 588.6104008116475 60.97806450572219 1.5482011183975146 -62.75360146487194 -85.74540190977157 35050.22109586018 4840.710478154296 0.3505022109586018 0.0011090148996300776 0.31723176396969943
368.2084013555911 634.9650952086406 32.09651638609544 662.5307992108408 117.04666032364959 813.6793069195363 138.60611360459527 858.5315454688456 173.104761198784 744.61067428466 324.06536490225966 603.7141225809462 -87.22011706054704 -24.108685230789288 -66.46238870096244 49.42034812794647 94904.79624511884 20319.683307563642 0.9490479624511884 0.003781221534007523 0.8356113164309626
356.7053093538502 650.9355325777842 25.57898890511056 662.9019065973414 131.44291333648394 806.6275646153821 126.84000510990305 843.3118166018099 184.0841953378947 742.9770363560813 319.07468869485626 589.998130619051 -87.62284753720134 -24.050856687483044 -67.7578985413622 50.401344849695136 275998.62866760796 51449.71296645508 2.75998628667608 0.0038160738317341114 2.6455040717240563
322.61443489291713 539.6697047164583 46.83658347509504 875.9609127221029 105.8151657950651 772.6745889194699 84.60092762609108 788.7774476705279 281.7425121802489 616.4891900204065 246.0779797586493 850.1127916789787 -34.95108528347732 57.45129158991407 7.726333575313973 -23.89320816345152 107508.60675726275 21250.76583957674 1.0750860675726275 0.004758347297557168 0.9323356486459125
290.27659277150815 874.2839478245982 150.48202847980073 544.3404353612224 52.813627702133225 765.7182492052209 93.27183678826339 776.0265553599095 232.79746266526172 679.800379498913 328.812773011413 613.4265110917551 -35.03912936653491 -23.006587569115798 -30.755572905439514 -10.567044981868342 62148.181248884786 7133.5541656425075 0.6214818124888479 0.0029702797241146803 0.5323734207654075
367.31089177644753 638.6275026452167 33.55020520295838 660.845938721367 118.95684712216807 814.0875262889643 140.34569747386766 859.4650884985002 178.03845403788523 749.080924041393 327.1961873999428 602.8283743548658 -87.25040592418705 -24.038173786927114 -67.34552767570821 49.996286179772 293679.26837704884 97691.22060505791 2.9367926837704883 0.01948855318679803 2.3521360881665476
365.218065842641 643.3576269313804 28.76577433979803 664.2749230770552 141.83636697836272 811.8702740002017 124.88183346831732 854.6266944230244 176.0093071475763 736.0030679940794 324.3088054739673 586.5674894811622 -88.53649141611837 -23.963638492195987 -66.95858044907712 49.989010321461166 105073.29208071507 24407.647303782207 1.0507329208071507 0.005113381458174562 0.8973314770619139
359.8091993348429 633.5899082264657 33.69312615507887 651.7078403417888 122.6570664708748 825.6292865218987 134.20637300003187 860.1278263075922 173.53096456012682 747.0504031562286 334.32634392251293 599.2825844937946 -87.3129116990116 -23.59256000869141 -66.43118863047363 50.14863057280093 249018.6128607949 100016.93881730628 2.4901861286079487 0.01435700829004975 2.059475879906456
357.7201876636035 642.4059464710213 27.033664595102806 663.6762608345581 133.42827176294804 820.075867086311 126.56424292907549 849.2606766071626 182.62069152805057 740.7369476566856 329.8394269204304 590.7592738250098 -88.14698414056281 -24.41052698249302 -67.48919181493521 50.40229344116659 83964.3380824693 20523.771391139675 0.8396433808246931 0.0011710328543911219 0.8045123951929595
245.80222106628034 713.1469012419354 202.51365325209613 686.0905342954593 52.40511075367826 864.7391112589833 132.19876726653962 567.3966926953967 52.679109970346374 623.3494142249515 185.92483197727523 739.6232374409241 4.595067712663337 -25.12388675423489 49.82383562763212 -62.4435732294027 40678.031377936604 7522.245401494126 0.406780313779366 0.0012949668493620744 0.3679313082985038
56.679300477371235 872.901760909144 119.65243802041682 654.9912593157665 266.86271875326435 535.3650629943171 355.26175292892793 526.4704140064529 108.07830577827914 865.4988734450048 3.919922004869947 863.6425023637732 33.22312940878339 83.47401126632522 98.72315177273694 -91.06910201426291 72711.90416941817 12738.179386256534 0.7271190416941817 0.001812654971004401 0.6727393925640497
358.23186618389076 632.627090865358 31.35224505051336 647.7320428765104 125.93698543001608 824.6830403857393 139.80680703122036 855.0791855202007 173.57965479777235 748.1666110817093 330.4799402999424 596.3247288694469 -87.32065091584023 -23.708058328767994 -66.79513115716526 49.60734260683578 264046.6655052453 111464.52150384907 2.6404666550524536 0.017073150156155386 2.128272150367792
361.1566610262977 640.2924018936917 28.890832883590864 661.0814416879678 132.11734435382155 804.6505093270517 120.30457834794329 859.4429332775858 177.37013694844 747.1940870993064 332.0889711668599 592.4839165783459 -87.78047017780573 -23.731508907387116 -67.11115593760309 50.627004436354845 197328.4288693054 40336.68697339506 1.9732842886930542 0.011927296133892746 1.6154654046762718
208.4880209789229 665.9135902046015 134.0317273321353 755.908320030031 120.66508080306933 850.5509503688609 78.03405933150319 558.2922862196094 70.66693063260392 625.5000144946634 321.26839253245475 661.5874339691545 16.136242123530167 51.23367511649062 58.49703795388403 0.23148333045556058 48977.3720041655 13358.106466370678 0.48977372004165504 0.0023003137944299468 0.4207643062087566
198.91151700328615 663.0775243573919 149.81498710669425 810.3473717655702 55.395143397843505 789.3956528067383 255.85329740080928 845.1350875187559 268.9051766401908 661.7100770595183 254.11622421973004 556.2622241040717 12.665579291926178 42.222266433890915 -65.77505657190778 -62.43423385299493 164184.321061636 40218.650863511306 1.64184321061636 0.007275105352100369 1.423590050053349
362.3753595897772 636.4969210723204 34.95044714261073 647.7123231695397 123.39737939285868 824.6547156223719 141.09256298858864 858.6969772407456 174.96846598392153 743.3374903603877 331.7938662913265 598.7713425918438 -87.3792646271244 -23.49008222666891 -66.88183524481151 50.30380085574925 120512.92214692537 50381.00868614908 1.2051292214692537 0.005644869837865833 1.0357831263332786
350.5002399837388 651.5883068816589 27.73719492740225 663.4321975288786 127.40908480715568 817.5783722364793 125.19044990889424 850.4916667177281 177.40888928674624 741.6483134253465 320.9278915040779 581.6185184107754 -87.6279043886089 -24.044231833249295 -67.23427038968795 50.150201509866825 119894.14609071813 17606.982801836548 1.1989414609071813 0.0020889144781663037 1.1362740265621922
361.7935580196901 635.4532096324317 33.130008858013085 652.9694909939608 123.16584350937127 824.5344267330456 135.78500964355518 859.7809495497182 173.53357715242404 752.772149284986 329.6254672834684 596.4680853018067 -87.25715536923366 -23.470162997193718 -66.9576956638157 49.71169140865156 123924.91618569418 48742.71826411152 1.2392491618569417 0.007429607070047694 1.0163609497555108
357.9871554402644 647.784838455643 41.57180784070314 654.6926649209281 126.4445299323972 800.9693806579098 124.90839009028883 854.5158920942905 179.78465098935573 748.5568292167228 329.03891661381397 590.6054261932484 -87.61185661735773 -24.06135890063257 -67.62137383998218 49.89027500654372 256722.3858450926 51734.382432961895 2.5672238584509257 0.014901806053059182 2.1201696768591503
325.35939784195983 821.6259179212688 57.36164969556455 636.6299781800321 186.1606995681844 624.7378798228992 254.5217351382593 683.0932389518114 103.10783424983191 520.054969054748 38.89484527924908 892.9649843220818 -38.860332441306426 -61.61780734011513 78.62035144556353 -4.309646277229035 56812.18731085667 21539.266003312365 0.5681218731085668 0.002648694428832773 0.4886610402435836
246.0320762746638 595.8811245036035 22.135423736736666 658.1834439197874 214.8709455601062 597.2928736274825 237.29494608673983 886.9041508642616 220.11494513106464 590.7762493716098 34.1229322050103 880.435531833823 59.235148274362444 -64.32069235627233 -95.36205104635552 -1.8185128000854434 151993.59812991772 64586.42170306447 1.5199359812991775 0.007989829016966325 1.2802411107901879
356.41266279409695 645.2875510430241 39.799541216743954 667.7544565361163 124.9300194125131 808.5407773367949 120.28163654627114 844.8789855027219 192.61964895576443 742.4244817801568 324.0676661051355 588.6439366860458 -87.6308490305915 -23.791132038052798 -66.93832799543506 50.29431136672316 161085.5260282076 37360.70451628848 1.6108552602820758 0.012412776232630238 1.2384719733031686
349.1972270878586 638.5563119021587 25.52309866626699 654.712888307305 133.91549203988257 813.0397873875373 128.15471121374546 847.8939737413555 185.78234089328478 745.4094745555203 327.13586214976704 592.6692616002584 -87.63792022915162 -23.73559921637725 -67.12260430955533 49.75053891805851 128097.58916645728 45556.307709645625 1.2809758916645728 0.007262655304013375 1.0630962325441715
206.38950711464892 535.8965100702166 38.90701234238803 759.3236638838564 100.42855843063727 744.2941457517476 222.5747373436309 760.1657789546914 288.03391057671104 703.6632828736837 324.29377813444887 765.3402450470071 32.72801205551478 49.39799665067182 28.24132386724095 -69.11499491505839 161259.46067231073 19496.61652706841 1.6125946067231074 0.007748423143718681 1.380141912411547
246.47066802687766 872.7926128544426 202.53427542801273 861.8961675728715 63.841609301881796 819.0579963830754 194.53233862927826 636.7189219429617 233.84244114875 723.6860092542854 262.3228774560845 682.4984521144975 -70.61949602049877 4.52640968880344 1.360191634214246 -51.51963729977255 48221.45942396676 21421.72794069985 0.4822145942396675 0.00322915807891446 0.38533985187223374
366.6646638457931 641.4761369261389 31.704985991937683 648.5532375586329 124.24190210503511 813.7548432633 135.61775367130673 858.0538921722175 178.08090502970708 737.0795481006357 327.8514897165485 594.9948869471776 -87.17872138570657 -23.771971365448923 -67.04781627954546 49.66025092694575 175734.81816422826 54819.95799936044 1.7573481816422825 0.012196037012612553 1.391467071263906
346.1120694501106 639.789028997878 26.507411312364887 671.2971793603353 125.03098420367104 815.5124043594924 133.0716800528076 855.015308360985 187.34665691271567 747.6774290637401 332.19027321361983 590.4263214692527 -88.37749139610264 -23.63257347784883 -67.36090615035978 49.95335855828738 79732.02901073825 10258.747169068954 0.7973202901073825 0.003192477998489857 0.7015459501526867
367.1671399350655 639.3896239888314 24.347714164070545 648.1650500817225 126.00898052981066 813.5563628705218 134.19935575838664 862.5901599956122 175.90170064764902 746.7499456074935 324.0263108860111 595.2475276454529 -87.50273557707396 -23.401307534589954 -66.9680985953631 49.69992637077455 106077.10850760035 14953.384116809 1.0607710850760035 0.0014770353447450565 1.0164600247336517
365.09729217789777 637.6597283215178 30.587100199937755 670.0279008267457 125.10634738011208 813.4725559609986 127.92713312254543 853.6708119682539 183.31961753972536 741.5976280005209 332.84391917782546 595.5181023106115 -87.90976187273951 -23.579597061161554 -67.19735425715555 50.08207491835117 245699.6970359166 74833.78059992431 2.4569969703591656 0.009970856715690727 2.157871268888444
216.8723490188864 676.2534917923199 130.7877906684359 799.3043399145045 114.05275234843593 667.3775028616858 295.2128112532717 691.3439335904143 135.53982898678288 601.7605309241286 83.25979371893435 667.308370816462 33.66740285305488 47.27744840373603 15.536407961600275 -60.536516725234165 94170.61171642727 10768.815233736254 0.9417061171642728 0.005061376808813777 0.7898648128998594
328.81718584295334 784.3123857657155 15.20019243372737 569.2482933646701 313.35152711303607 593.5665764373784 306.46768811682324 763.2623147597376 348.2582205119865 775.8016477677676 131.90675253570942 727.7052828905043 74.57033909191435 -83.87375030846103 5.348669648982067 97.78830178656091 31206.978632892526 4497.784511896479 0.3120697863289253 0.0007288908057904574 0.2902030621552116
368.80003029342004 643.8624216432285 29.297248272223584 655.1790618114842 126.40737006674203 819.5107738435141 132.67823866527573 856.7498298426389 175.39886083179843 751.7680111668238 327.66940067773834 594.5366596812069 -87.4634172242772 -23.175617756142948 -66.3922037198265 49.561522584510776 118594.77160287861 32557.35339544474 1.185947716028786 0.003519209455621135 1.0803714323601519
355.425824924515 650.2716996112579 29.937641194095278 661.1659628094641 130.62520319741733 801.1508248517355 123.50637883548585 854.8279681109367 184.01975259182436 740.2798435956965 329.8789985121989 596.312185559795 -88.2795578998184 -24.179568062438065 -67.06660651808912 50.148382196812655 156492.93732202493 33198.713766010915 1.5649293732202494 0.0035095770595215733 1.4596420614346022
256.61780130607633 876.8075150337777 161.7113282790034 760.7137322682877 72.9690569975576 827.1753386949661 133.58909703305915 593.8708419239815 280.49273992485996 603.5109460389498 346.5122216583969 856.4860315763315 -32.168572483419695 -3.6900126307145733 4.9296360278257225 30.383312727409972 45215.500792166975 11308.710422660464 0.45215500792166974 0.0010724773647373133 0.4199806869795503
300.1757692064589 793.8751949540224 105.0817080075361 872.8377217718094 100.26301549190352 841.9823056813782 227.25593488688133 834.9033493302368 234.32071060344668 757.5082300579326 275.0031878561155 636.7614281666492 -78.59073358884075 47.22928269299427 -63.505035300672155 -67.88680841765562 84514.79662124481 18788.435580593905 0.845147966212448 0.003235353610880359 0.7480873578860372
367.09601528482693 644.0302009333373 27.51993412060481 659.3934383024258 124.1208750881577 814.6706065414335 133.49358492006178 857.8741705341306 178.06325898174768 754.1385794445335 328.7341636013369 594.8145845807392 -88.0072795221826 -23.199733159602957 -66.57932014135552 49.64772091238023 128035.47838987412 41214.861823908315 1.280354783898741 0.012130124161151206 0.9164510590642048
354.55460273772576 644.8508148917441 28.120486434898957 654.6114916708032 125.43948000106545 819.4843340631121 130.5770583082042 852.61495947335 187.60408310250978 751.6349144734737 316.2060449727094 595.4247394547405 -88.08965756323877 -23.73658881346732 -67.30935099299323 50.59476003755707 299775.5462970851 58443.98991212062 2.997755462970851 0.011722679161345619 2.6460750881304826
366.5379139809093 640.0635634906466 24.199424196086866 654.224010039027 125.6767516163924 815.4197379518546 134.086131818566 856.7161590392187 174.5494497545513 754.3947175905282 323.03218653983987 596.4864801903819 -87.9938797652007 -23.428000797150645 -66.80876307807786 49.62311950147196 163338.82050990322 41077.01812331066 1.6333882050990323 0.0060200416954490485 1.452786954235561
349.8641298999959 645.365545505347 31.993332094402433 671.4147395006506 136.29801086268742 805.6047086560754 119.19953788989447 847.4267186628955 187.68990840356255 742.6044490037442 328.28043213932034 581.2586365770843 -88.00301489570903 -23.85850851736083 -67.3699977627846 50.34609310731334 153375.64990007522 23888.68553687284 1.5337564990007522 0.009998154991780283 1.2338118492473438
35.85490739805701 685.5532273046882 295.7954152290693 896.7068809430316 106.56895651499065 738.8221708305975 41.54232319977659 516.2699077141656 173.85490300738542 575.0669907963766 126.5758451835621 850.1636077860983 77.33239517651745 78.08914081964932 75.6014555932409 59.79732802189815 314788.72275795945 74799.91071004291 3.1478872275795946 0.015128334558371375 2.6940371908284533
251.71859455094244 820.3481796929836 262.09137853303423 650.197869445987 354.6903493057183 680.3300199949167 121.82999756906827 502.1575366147675 169.04545399175933 759.4501932684503 181.01514657010523 807.1434201089504 -11.598827333578356 -44.60899675626928 28.382816198076284 83.9628009074377 48440.00926758954 7903.4400048076295 0.48440009267589546 0.001179800758941011 0.4490060699076651
369.0181609570041 644.7403423358036 28.321403139666252 653.7180351672987 126.24636866848918 811.7390709363173 130.60694067756356 862.8909187211192 176.62652905009503 747.8794799314903 323.04714679757143 595.7190806874198 -87.54405134274603 -23.768118338204005 -66.92947239714233 49.525991724334865 189167.5080288947 31683.51483886823 1.891675080288947 0.006174248205626735 1.706447634120145
354.80001007324546 638.0040589056078 28.229679437230722 657.7346202250219 133.33135087786494 808.9687301132327 136.61741360447184 841.0772463138586 187.92620852962668 734.9149531451397 325.54652301696376 595.3394340895615 -88.41882460704757 -23.788039142804088 -66.85845470586459 50.03110204046601 137120.68297752464 26052.40429553655 1.3712068297752464 0.00411373736889771 1.2477947087083152
309.96792767743034 746.575728520083 104.1801091446533 868.776441962932 32.63010977853451 850.085966842293 134.13324957422495 530.8940371561555 112.32253953292378 752.573057016517 275.6857008348531 741.7769799104673 24.74875415954547 64.1883172921869 32.048712126872516 -20.598775434892097 155305.36195745366 66085.06871752405 1.5530536195745366 0.011616307549706693 1.2045643930833358
198.690078064029 575.3140480751333 73.6829272816959 783.8229999041059 28.95280404376871 803.9158149082166 261.97053610493793 866.5998656677589 277.7087611386848 700.5755807907315 204.32361173215148 737.9095558042015 -13.078985160526756 -5.2102195299607175 -60.47773910364972 -40.13326229697006 217032.25949506744 38493.60362640161 2.170322594950674 0.006495899434868838 1.9754456119046089
358.2525954761917 646.8164272381954 39.21163386531588 665.7447998201412 125.9688476849882 803.7959748203341 119.26771958393317 844.5333986622878 190.64706494177688 740.2994863570132 324.4886613916647 590.5486858796132 -87.62959065821869 -23.86356826516825 -67.74026149507372 50.272695765025205 103763.30780729206 21977.685477461266 1.0376330780729206 0.00247716285977341 0.9633181922797183
353.28690598785914 640.7206713064262 39.29685674495617 661.8446188292239 140.73403449523255 808.0379024419358 131.71952480002088 851.3886082929081 194.28976998788542 746.2029652476456 322.68502369530427 596.0542819456638 -87.98398139969967 -24.202982497821644 -67.31207933778434 50.505079024631655 123226.8565658749 49075.46929579086 1.232268565658749 0.004632416180730179 1.0932960802368437
368.2587784235228 641.3936643773806 28.04315901118356 650.9694697069136 125.36277273636341 814.4693320807642 135.11632743243442 862.7537021518241 177.74104962476738 748.3500940388303 321.99191315197 592.407030002797 -87.485913765506 -24.041791048146244 -66.55645439930686 49.41732001471678 101311.84845603653 20525.843712662125 1.0131184845603651 0.003568493116481971 0.906063691065906
350.22824218762014 643.5410300641819 32.182679234935776 658.554141884554 132.40960166331357 812.5433676493057 123.77229726326304 842.3654117342271 191.4818397526796 748.1055307060813 335.6182342797389 588.240286071685 -87.60240635280212 -23.67431720121786 -67.67291177268825 50.1142785331847 124731.80166848407 35831.128906981015 1.2473180166848408 0.004878569179952311 1.1009609412862715
42.532071505832235 697.6293761657967 254.40979649619294 662.706023417849 305.1391960589095 804.326008306107 142.51685646622647 542.9220264295832 254.5778169498212 634.9003092075898 37.263867744546374 743.0473328676123 27.920172533500008 -85.62602036193014 -73.23213487566764 -69.26531467228023 90728.20368541878 30583.625500287075 0.9072820368541878 0.004976584762240978 0.7579844939869584
275.1222935600868 846.0498960983173 77.98387599252281 720.544090786696 337.9435692436431 736.306902566833 342.04421815428054 874.9628707533948 246.89952557482303 685.5434774542659 5.887099182637301 615.8401837420405 67.67310290982357 -97.94599307216019 -62.619762957708325 62.978233233986515 65615.06071304601 8650.017755607936 0.6561506071304601 0.0020076971772301487 0.5959196918135556
369.2342333538972 644.209386148192 28.638805398054814 653.1411450940471 122.77632048697416 811.8565554159806 129.71734342286126 860.4980080864665 175.54034992069265 745.7533089119302 327.41963422908856 595.1327899422309 -87.68725417980315 -24.10742440821374 -67.04331437972357 49.54544744481199 138774.34826162108 53287.49259014927 1.387743482616211 0.008915180526783492 1.1202880668127062
354.6572967402683 645.8609572062776 31.052287334299976 668.18444241118 131.157233255908 801.550625916764 130.23198789438385 853.9964126032744 188.3104421838862 735.4339418122668 327.2976484262677 594.8552973536124 -87.69932538955013 -24.350621642916387 -67.47941148390976 50.61525627987076 352412.5813498625 53449.54936160013 3.5241258134986246 0.007429205095119632 3.301249660645036
204.07369708653673 715.0817672370574 91.99192620333346 749.4930203865463 68.13065827472997 860.3933695260841 81.29327019732764 604.2735788523254 51.7699449925718 686.3504241453953 288.7769257268724 647.9336587514956 -64.83342621860086 29.94044824622879 56.534363221196514 -39.4416158218075 80994.00312053366 14808.20155430315 0.8099400312053365 0.0017883999525010834 0.7562880326303041
251.36793160643347 768.7447050864614 166.62553947909393 869.4300590291792 34.79797174524039 739.9230199888706 184.6747801701279 811.0403967837876 194.66038817399945 589.9953544923239 173.81252822477182 724.0329882002543 42.97030029467686 -11.445962984555543 -61.90309268147568 -26.51891831214531 21599.957627991524 6305.546870437727 0.21599957627991526 0.0002894221167818712 0.2073169127764591
368.9891914940879 642.1066688671815 32.84937001179641 661.9713941571262 124.58318616882501 807.7191232598033 130.42560567741057 859.2716308439768 174.48485199649883 752.5945134191415 324.94520468706423 593.7522172823094 -87.94929085542336 -23.419312807346607 -67.15836731909819 50.04802899004617 159472.59668369338 30367.875759105522 1.5947259668369338 0.003652553089734317 1.4851493741449042
360.67230493242124 649.2404880462358 35.82511403511018 660.4521132952165 133.96481792406428 800.7522719797967 132.94179034676577 846.298156775405 174.98971767369656 744.6270242915095 333.8708886096078 579.3783191527777 -87.8326541652466 -24.4024471078254 -67.52958510973738 49.92726947986138 138179.50379860948 36546.59117255874 1.3817950379860948 0.008472913199359458 1.127607642005311
369.5396555690038 641.9670166442734 34.50802375158032 657.2797858199149 130.02909717240547 808.3157071705959 128.80089795028104 863.0780831270972 170.51690834727412 748.7891738951379 326.8628577581676 590.299395464694 -87.6768021135626 -23.340282589906135 -67.11369532048218 50.06956559184468 113807.84966948359 20293.07769271933 1.1380784966948359 0.004996599460133977 0.9881805128908165
348.58508718022983 650.74387798871 36.900386090996335 671.7445241480872 134.7229825206652 809.301638904661 119.58966560018087 852.838008687938 180.75320326453726 739.2411528213144 323.1948214033691 588.6259454313687 -87.59192786072741 -23.861496226884643 -66.95172793902296 49.80124598157552 245312.392974713 89659.34712684758 2.45312392974713 0.021062045138522216 1.8212625755914638
118.68227906648622 882.9624719930583 25.346215056450788 810.7264467041521 52.82239638182233 591.2395245444825 28.506945295109766 601.0992399913409 324.8687684330992 755.457841268972 95.59273250612938 654.8132782487944 -77.73594207191776 -2.302127087278791 51.42373437476016 -2.9517944889506254 107714.44842040181 25232.29241090232 1.077144484204018 0.004822191528358354 0.9324787383532676
354.5132919587897 884.7511941795137 0.6126734110807908 749.0272437734977 51.48410939492219 815.7700165394842 305.4775478076036 851.7913596554146 286.82939541704064 755.7622301021042 1.6561384826998449 537.8395353481628 89.90870996737965 -95.81268651462278 -76.64673189772756 70.13436008864221 57789.92470885602 12561.291820832112 0.5778992470885602 0.0033772463398625096 0.47658185689268495
367.9759599689411 645.6616794122523 33.7261973763708 661.3607599979279 128.6955899618172 807.1366294904801 129.10984228309493 856.3630710742626 174.98351974642316 750.7452634999905 332.81577015082166 590.6265399211172 -87.38507540426065 -23.466052817245703 -67.24732149198087 49.3538295796335 180377.69005214685 62026.24678752841 1.8037769005214683 0.014244979449111413 1.376427517048126
350.1987446589676 638.8988289804354 28.554150582823674 663.88393293345 130.30015805021458 802.2573472072818 127.67326056677419 852.4388079413761 185.09904150962598 750.1114562106512 327.28239967889175 591.1529945550923 -88.36768875067509 -24.13065695888898 -67.56039227354022 50.350750411964015 56970.8967311518 13804.092825636297 0.569708967311518 0.0017709566782986236 0.5165802669625593
288.5868297247635 668.0789530189791 131.2295756433713 859.5899981440044 64.15840279454817 847.9218215087787 101.69376011981394 546.5166651116193 114.4337748104393 721.6301811426944 268.73335843764727 754.8957889773759 22.193662980001363 32.41521308267679 43.226942606394786 -70.2134240519212 158296.4312992095 26123.603121149343 1.582964312992095 0.00701924744354257 1.3723868896858178
329.591548701223 580.810792355679 88.32678170713876 720.0818094141852 67.07478142719376 845.4281602640017 129.02426933412 879.5384601155911 117.51804621321884 715.8015085336231 347.0456136000091 725.914406873141 -31.644783399314313 -19.143909137078246 -26.83980498814939 -18.79336050077233 74634.6432983585 9873.226575633247 0.746346432983585 0.0026291186887900738 0.6674728723198828
364.6353081438697 652.5799220040814 39.57766041040595 664.9337822425281 127.471989934289 801.1091000269194 124.25078691605273 859.1178215044902 178.7412442303769 748.6468097399304 328.8888660764958 592.8624448729769 -87.83565366343039 -23.715089293526827 -67.15628282872085 50.32839130073658 98483.51851355554 20083.643959984704 0.9848351851355553 0.0004790457187621033 0.9704638135726923
349.5602623504593 653.0181885436306 35.309671154147274 668.0002579142141 132.14631792856173 819.0653246644855 133.54627092080867 848.1140967550643 179.8407049548708 734.8538638066885 330.84391596859746 586.1907108660164 -87.58114949930645 -24.391131577332235 -67.46358101438742 49.767222882818004 103210.0679787743 20909.093402572824 1.032100679787743 0.004265170690362509 0.9041455590768677
365.1028583702662 647.9786531988326 43.43147519335441 666.5892411785283 129.54800878786756 802.8700313150246 123.97234183481895 853.5339529367616 177.6115768879224 745.4654547923242 332.4839898824239 594.6664445018619 -88.26646152390852 -23.563054743177915 -67.51950842415307 50.1103848750281 233586.35004843975 37346.97423645256 2.3358635004843977 0.011158716836026802 2.0011019954035936
360.18890813196356 652.3567978679627 28.75740338531621 658.8011142562736 132.47671745103432 814.1012251394346 127.85495195531733 844.9723469314273 181.80356004589382 739.9221107960688 330.4533710096863 581.0826840722794 -88.29663000595396 -24.22575877821408 -67.14790149457303 49.77004702754963 126655.64910465575 40846.664658076224 1.2665564910465574 0.005338949346364371 1.1063880106556263
342.56856830123456 545.5515808416519 135.70221711326704 627.7814336940273 145.8727806712458 674.6299861766299 235.3080319456007 695.4410201303461 303.71911003331246 789.0339778706426 147.00816197901528 856.7627451087194 71.39177823401732 76.45891344141722 -22.98722605921803 9.220321624621562 92485.00785044931 19366.366186850293 0.9248500785044931 0.005571246921239435 0.7577126708673101
254.27207214223645 772.9911552546658 348.334931099735 689.1748846628725 305.7185142257279 684.9546427305472 0.7939406005063621 508.6843406535965 323.6554609182659 578.2145038025645 8.542062333249088 674.8404122725454 -91.71765589600085 -52.3587795960909 -95.02634162025396 73.36679781059752 81308.40338893326 10380.201008363145 0.8130840338893325 0.0018137581256141772 0.7586712901209072
364.80597305587014 647.9512429891814 43.43993305153098 666.7899303869272 133.8561788520228 803.8735036490315 122.75167985206319 854.1351560047287 180.3210606351269 748.0863574167385 327.906157575755 591.9758158378077 -87.73981139040363 -24.085205494640498 -67.77011771184038 49.84542224858137 123738.28513343241 41777.999878214505 1.2373828513343241 0.003219228364378518 1.1408060004029685
353.0110337475782 649.0582127843862 36.59829988901033 663.4640226968331 141.91049046806947 815.7968661436041 121.36079708824491 856.5339050054488 194.11038848838882 750.0602917066406 335.43939291748836 586.2068009541151 -87.85418961387057 -24.05746825378599 -67.8083600049289 50.253215121120114 81137.19579837544 26293.15357348444 0.8113719579837544 0.0017039584642461153 0.760253204056371
358.955360009569 571.8384941942464 116.95885306498678 543.5251607842876 69.47140856065433 629.106504909014 233.6346788300914 624.4783269739606 198.37346261504936 700.7250974747594 89.45450872906598 696.211110356097 46.24233184597031 68.29330546440431 11.693310105240656 7.415332663410538 123093.14115451666 42508.493040044756 1.2309314115451666 0.008463345376680914 0.9770310502447392
270.6425703221623 531.7709152318832 67.49324698381233 751.8021186580435 31.014056566684978 856.2123000454542 287.1931323450236 851.6501950129598 140.81481202214374 683.042607190846 290.0088557379876 654.4935062489565 42.75889738232516 40.86642213862019 -13.782562972954885 -16.09222880763754 117280.21478137864 16860.655784475697 1.1728021478137864 0.0024498105767109223 1.0993078305124588
356.0572917393484 630.4535360320987 30.253187942091735 655.7543439958495 121.13397725325838 825.6672076416464 131.92801539829642 866.6040089928033 174.02035970017647 742.2830459245712 329.5852090966856 598.9753968235119 -87.46266841570093 -24.10837523346222 -66.4713529345337 49.35514331014686 97178.2659688507 26687.685967350266 0.971782659688507 0.004440627464287209 0.8385638357598907
350.9287666358939 645.6878370991823 32.56649372213944 670.0568334489164 132.97992023547468 812.4564687692292 131.70757720894198 844.8670842616106 192.67071138343118 732.1416029192739 326.5002016802477 582.2691407650041 -88.25284479183287 -24.18453253641918 -67.7717581278756 49.795406778794124 123936.62313147506 31145.17065731148 1.2393662313147507 0.008116799525454245 0.9958622455511232
