44.52884645178673 621.3848052598623 0.016105712642224823 563.0707598242328 315.22543643649664 574.7863673142255 221.4794970200687 593.8747409660656 97.72112024429066 691.7998021387037 111.55278102191409 877.3600622007027 -34.77975790056264 31.805809498334753 99.47075046468225 -6.704335379863835 71002.27558886274 14113.389755746326 0.7100227558886274 0.004477518209245898 0.5756972096112505
165.57557385539295 670.6505207791336 278.43466561463407 657.7319138024261 48.80297535907927 812.5711016546395 135.9511489264062 661.2519647914887 123.00680867339477 780.6393198296792 342.08999550388234 758.5145831686397 -97.42628118203689 -81.29132814205138 -33.70042724089748 32.82409621936108 105524.48275686073 31996.026612867725 1.0552448275686073 0.005672678850849326 0.8850644620431275
37.97196649158216 573.2568128131254 156.70140132030676 542.5137560690529 323.5150292438509 883.2023415589495 186.02332631886446 593.0452402772638 66.3271951421324 722.4886494198761 314.0988980203239 695.0346713515694 -44.17282776637648 46.589067178312916 -97.98602335138382 -9.11639483506437 120944.19515811134 22632.348326187643 1.2094419515811135 0.007955401607758091 0.9707799033483707
130.7580413179937 797.4300525867208 166.41446978585464 771.3941400724383 272.11415382749766 755.3231875936565 177.89405794446085 715.3891027071186 10.183405297689575 514.9118750356898 44.07555037089859 655.1311491283143 -67.37590682537093 -77.25690685997834 -78.29960383062635 6.340109990866765 108198.33791330505 34536.42648123533 1.0819833791330504 0.004031582250526113 0.9610359116172671
102.27585947852687 732.1565172682618 282.4255426187311 811.8045976215319 192.4115630838496 834.9725987338692 190.6993103188855 579.3941517183722 44.62083141297398 547.9938795105493 150.0467844293576 566.3046883288696 -50.55546377879507 12.709636964213857 -64.91949938541842 48.63525454944926 82092.30559368784 15021.813658393885 0.8209230559368784 0.00199641470062102 0.7610306149182479
75.4640005183919 584.3717677336441 339.2302882157373 701.5013899991143 321.728569816203 855.3042816560912 0.23621162531206163 555.722669136538 40.59645760435985 887.4206061095513 248.75277770511545 642.5566567386104 59.42198962710091 48.589699888484915 50.39845232188057 -65.09082363609207 84137.62558720705 20788.14891120024 0.8413762558720704 0.004766780556328503 0.6983728391822154
163.40475073715223 556.183201787694 22.334195656250195 894.7274516112537 187.2580620896179 687.4743337210956 250.6515610545071 807.4548236571411 319.81375067903224 690.221376399007 318.1357637177189 766.3970726297213 26.298006833443694 -22.796613154606348 -82.64079573412295 35.47592656984074 102060.9047608344 17903.480518546232 1.020609047608344 0.0020729968405124727 0.9584191423929699
332.5699444884259 898.5967192660128 76.43306222798518 500.60325169337136 202.70075568919324 694.5953897061834 266.67663158728095 872.4506303088469 116.10536598512432 575.6125181845572 5.670027200950107 893.5281598738479 79.7114496651007 -8.760314419900013 37.11216389549247 -29.69483018983223 155424.32730301013 55676.489518866954 1.5542432730301012 0.006969263406420753 1.3451653708374787
1.3802628054789468 895.134817616391 117.20713622270513 613.0171006266796 40.263340702127735 862.6656619270618 308.59656388818854 747.9622908933871 264.1762344650754 603.6439130583515 233.36554576054544 710.9599310511474 -93.36986252070201 -74.09532137883936 -61.20614247614478 -25.965373352834305 81658.42888229758 17672.957349082633 0.8165842888229758 0.006958602740139052 0.6078262066188043
13.21961875980846 768.3503281182877 268.80827735567874 810.9023868440238 331.08648160395376 665.9653167606788 259.8222967252995 509.03695935301425 159.12268356448564 747.8749724356599 309.0393669220036 615.6192818988909 -27.24595260191333 29.1220080549773 86.42671630841318 -37.47356337660328 113392.27156044349 35735.16996905712 1.133922715604435 0.003818571209181717 1.0193655793289835
322.5800961994643 774.2725564083602 289.0371511603892 744.0548712240648 61.18161843403955 609.8674575698168 102.14175366647522 799.5549185192519 284.77471688716145 776.0904926661337 336.32625175825575 681.7334421666237 47.2741474467137 -90.9687776302371 88.86440633638293 30.323686957976832 98380.74398960969 24741.265875929716 0.9838074398960969 0.0012402564263522295 0.94659974710553
148.2831780173624 516.1892667097375 69.76057523506375 811.3412484976059 268.453100704839 766.7395613078111 259.81724164323674 694.6245323156913 70.37427597907603 628.8381234965284 340.8453816447529 763.8172696297995 -95.40129247082298 30.976238660504322 7.2115015489638665 68.45842616758807 106190.34156696938 41250.74490271981 1.0619034156696938 0.0028941839665562923 0.975077896673005
3.5343712940468786 633.567685597668 98.47666731729639 796.6161865477093 200.3630350937395 715.5335866596758 272.15435267922845 821.7281462744329 359.51997050364076 529.021203571278 294.82488186791704 501.3017006935926 97.99377364759215 -46.866894523996464 66.0012003182033 -45.264340763227295 22803.16377184697 6129.29051521952 0.22803163771846968 0.0010348126126698744 0.19698725933837344
64.27702704478656 618.8137145510013 112.09098232573966 804.79061813718 126.10807319245184 665.6074921635648 76.9815293073183 641.4851725807821 29.33039596798798 896.9627695795169 322.678439090397 544.4172575465458 46.74653506037535 41.03828146017952 7.21842521694613 -31.268166621894693 43650.589718712436 9295.634237768963 0.43650589718712435 0.0020500062491988196 0.37500570971115976
250.40298848005975 555.8658931677279 106.64094642238852 667.6937036167791 269.1964103181512 623.5520079022953 215.72314849928256 889.308541409725 221.83421624359568 714.4784630418837 107.91983306539032 682.4635765228912 -62.042709287158424 -70.45043445944985 -18.45146004385292 -41.472369330577294 81348.90138005694 18748.441320762693 0.8134890138005694 0.004688747497400331 0.6728265888785594
22.181937833560678 532.0649002969586 18.99042820417023 578.3200085873469 185.6303909183213 596.5841697917562 124.03310296050742 641.8793600528219 343.65023487496984 744.4835140252163 158.30695456982298 532.3859556411804 -72.22556315586877 13.343405123463128 -17.32501490459488 -41.12853823817102 35941.47157532764 8913.632154785388 0.3594147157532764 0.0013473316996651782 0.318994764763321
117.73739977525216 691.5184229665787 218.74265017891105 630.0202791209623 94.73464108567198 726.6940801887305 207.0723255401721 833.037723088758 56.60828361406142 825.0228713805022 177.6708184730158 810.4511106777815 61.911747092981386 99.20032567791091 3.98316941277146 -41.24950636936766 29967.230998720683 11855.724701070923 0.29967230998720684 0.0021786375377251437 0.23431318385545252
297.50138921694287 868.3702368422493 205.24977135177852 592.3103590871443 202.3726186035803 511.7934665374185 254.722974176134 664.2217196616352 166.99671302355938 552.9434717824884 112.91863335381849 791.9729409602123 75.2417174270416 72.05711217382321 -29.94583630303839 83.1738660934167 144774.2308287574 31052.20235062648 1.4477423082875738 0.005698379240947656 1.276790931059144
299.48265240014825 613.0314027449818 177.82903106908594 633.3947069350892 128.0529512961015 641.0333880265363 195.19030913296038 751.037228327496 88.65475695102144 821.3046162372311 98.3639951630576 705.2541664294424 -21.142276431437708 1.6746752961639686 25.59547650474387 -80.01064287374102 92085.84694903794 15599.269402119451 0.9208584694903793 0.008227064909930984 0.6740465221924498
269.2500175748405 619.9937964326414 50.79055473438583 532.5423384515793 213.3994911189744 586.8979268979772 165.12978159871352 585.7856886461716 344.0222901648515 619.5320053192937 197.1711587447272 589.1797503101652 -96.1361960821527 41.31146767596695 1.9013641040188816 -16.574446444024588 46415.662645322875 13803.637201383111 0.4641566264532288 0.0035283048181465227 0.3583074819088331
205.67282198614063 890.1983385265755 304.3724280086243 784.3405791958885 355.1774217367142 660.3204247864703 161.68103695557443 799.3612729790214 352.0647726834493 553.9959434492528 37.01160889396854 875.6361555116445 83.65551459299388 47.97942764672257 38.363882102620124 42.43366181907885 85556.69547788006 12242.267240544585 0.8555669547788006 0.003929576826849152 0.737679649973326
217.571624207201 658.6896997666759 81.12436239221384 639.7957413051585 105.7230651434004 557.6322184091696 102.20506169336228 840.3479179926862 151.9990394513998 859.3133097455516 97.41764226656768 731.5172392625701 18.02935394036946 -93.97049002135196 -93.39899404107219 77.40837963242481 154281.46334664855 57145.2546562084 1.5428146334664856 0.011994918979572335 1.1829670640793155
120.92349842203811 506.00651851617636 233.87557085624937 505.8532589842754 60.52076760851155 696.2411400683734 65.54138436480194 691.1009538530445 188.89287171440898 522.7047131908106 156.65361406993927 699.1577540736796 -79.20803220006445 49.025191092489365 28.354384242436737 75.11213473523969 80622.48355112527 15728.773584618277 0.8062248355112527 0.005439737265027287 0.6430327175604341
87.63391039333996 519.1697323309077 346.2430719118719 887.8079192853188 41.72436175431774 514.9716547388786 230.98764737379818 695.1638081374764 36.476816696933874 648.8450568575897 77.75915400943998 618.6512824800639 -72.6235236967691 81.30695720850011 -4.148494871237872 -26.47419568369756 42671.85350851975 9770.344422977836 0.4267185350851975 0.0022734575823029138 0.3585148076161101
192.22819082678902 672.3595630504802 78.43143114744358 507.54576716366466 228.25104544257226 780.3914824632689 89.73928925019244 837.0021835237344 286.8019181668404 682.9239838337882 124.56582939869534 889.1904980656823 7.954241307701665 67.01289314697695 -33.324674654121324 29.589308500474374 89902.00783163498 13613.717883440055 0.8990200783163498 0.004333694089407017 0.7690092556341392
295.59146359784927 657.1407068340563 136.9672584016975 831.4809518492568 79.63329084292018 708.5136885756974 304.23230163078136 861.3358024001604 211.6474406285156 769.0555351888063 23.58904931519347 608.6847251534122 -95.83826353237366 60.80873538684716 85.04892508723012 76.226087515703 73953.93555529657 19164.215936407574 0.7395393555529657 0.001557395990894583 0.6928174758261282
24.199587374615245 879.8064383706155 206.73388457236933 666.5245683797967 118.3950918926348 895.5680376158758 247.34381683210094 596.6766234266805 138.92028510262566 597.5171041623868 99.25866441988677 872.3309600373859 -74.67155851547966 27.32122035220783 -64.602978822791 15.098555648615445 77013.59373780515 13894.533959776998 0.7701359373780514 0.005653726904662401 0.6005241302381794
262.13592630456907 811.8641832582446 324.49170498650795 574.8950246946841 85.33020661748382 552.8561964710022 215.69518007629452 857.1513699476542 27.743902450391232 655.2089548250867 151.84400634588266 502.41202953075924 13.340418701144003 -94.81194254699874 62.34626145934848 33.946030431271396 119458.36165622532 17962.066459425103 1.1945836165622532 0.0037516712031081217 1.0820334804690095
334.7471689969279 545.2246142970461 128.50383870171464 681.64003094132 180.58452949190823 619.0248814519905 185.34370610271745 693.5292451070973 297.11643433545066 774.1209590403181 137.74253252084748 801.9651542913625 63.52651879932364 87.51889027536072 -4.3623454163523405 -0.6844154994640945 33371.1710447336 6138.069293500606 0.333711710447336 0.0025535801799424413 0.2571043050490628
200.40596248628185 851.4150363720646 146.22468873972488 764.5015853533828 287.67773098698063 672.5825027054627 85.27914896461549 714.0118712241084 274.63123735200935 502.8967404275553 182.39750479317416 842.9921985766606 -68.672349438597 -43.32104441600229 -94.26992734369921 -1.0014599487164304 286647.32986420277 43742.12815824719 2.866473298642028 0.01658797747648939 2.3688339743473463
290.92159285380535 687.3874902218433 154.2080137964676 728.3931830508516 162.94747517782253 783.8167638984438 358.6991575512331 815.6370904832755 10.466898174338564 688.1943583815209 33.88713090453279 856.8807563575098 47.18051180242327 -79.42130391499909 -97.58060047498401 -28.78722827908969 123841.34163667231 21871.79620955479 1.238413416366723 0.0015571325890035893 1.1916994386966153
207.79610362009302 528.8659475267425 152.5259419068442 602.5887113500801 145.7060645580818 852.9673761367344 82.96668224306512 517.7235312391376 187.15463409876983 814.4455210143792 205.0443359821256 503.7096498442466 85.51618357069341 -63.57591503223383 43.63642192168723 62.78932805313838 90052.26447213789 18842.255293366994 0.9005226447213789 0.0016111839916815747 0.8521871249709316
323.8745569369723 697.2084786823805 318.93388858185466 625.6660383638389 189.386057499367 894.9659177036818 306.1697716403362 657.5863073597137 326.6530348466334 666.1250091248488 234.73111975735824 597.7500933633193 -93.04417234620918 78.82999145607761 -4.702829801695856 -77.54470856729294 67235.93973038509 16822.46067175125 0.6723593973038509 0.005481517129246801 0.5079138834264468
280.0217157099286 761.6315756801448 256.7040458535055 822.9343461841179 254.26708482010358 601.3346781715829 49.712334133944566 571.5639983578596 315.37237054423673 586.796626777829 339.01762222988623 513.6694395786988 -2.531484502891331 81.74397141150027 17.89105535060918 -84.23106963443938 67831.56611344153 12162.862975058553 0.6783156611344152 0.001927107862426865 0.6205024252616093
258.7401178963761 860.7661108150244 89.59241693230217 525.1007455984536 266.12120511392254 668.164858576059 10.15842165575707 821.4478577037464 197.94360053403452 825.2292343172738 349.2895856226361 761.7674209189723 -42.629402869847425 4.240411569979557 75.90966351398524 42.609524358376405 61412.06827422699 8156.253502544435 0.6141206827422699 0.0003229136063508366 0.6044332745517449
31.34151426208804 702.3742066991202 250.1096904830973 726.9880408154636 154.36849170736042 680.7109355162545 302.9780056319104 805.7109848568219 161.47835250201894 844.1284146782419 15.413907954789249 784.0570677483573 46.1864532414493 -34.207019665717596 -73.74290259151736 -63.93110331220397 69898.32583683041 10036.752428058697 0.698983258368304 0.0028969144377402507 0.6120758252360965
110.1538892107825 511.137111512894 89.77200211348998 879.847620337077 44.82022942936245 581.6492187425418 239.37902366325184 842.9999244854504 4.732025871662238 603.2788181057856 357.3049651559565 711.9265287496523 1.864609996117565 4.440506676072388 25.81620993368378 46.04527888592921 183611.83190961817 25561.61569605731 1.8361183190961816 0.0033596900488293566 1.7353276176313008
178.6296824968646 797.3231842908824 338.0470643844922 728.0950027914514 215.53284502931777 526.6351257281897 327.1345567039033 689.7144600308048 347.08055872853 849.9172091181208 170.15660408786528 874.6610507157752 -52.18280152854573 -31.45875791174018 -16.427909493975918 38.58626147838328 48935.79789319895 12021.644193390684 0.4893579789319895 0.004384911112633324 0.3578106455529898
357.68324081386265 573.5300406008229 58.473569262936365 627.9616527881251 233.51631991597822 573.2356813677766 102.53963297005507 620.8414880112551 67.56748401129909 587.0493320544796 23.14193396705258 784.7598957521359 -12.992189218230237 1.3275470632292468 -24.12853919865252 92.45201251435262 71013.07976277116 15154.96663160935 0.7101307976277117 0.0037561009348920857 0.5974477695809491
339.82020434392746 584.9479337615488 322.1102238728082 622.8264361547681 45.71050763004981 572.8512124838558 57.897599820207624 895.1845881103808 36.137175247811236 870.0890334512403 2.0711760021990733 840.7360450028274 -30.468142992203923 30.728386284158006 -58.21922587497983 -36.41676247882042 80265.34448510502 9967.90704404378 0.8026534448510502 0.002980074032565057 0.7132512238740985
260.55225514133645 726.5704225040806 270.73305507751707 863.9900088123693 149.1390711126976 687.2876834648109 95.72846770626647 526.5601624927165 45.18422968634279 521.4677514955215 76.61846064049065 585.2045129118262 82.15945926247485 6.852854303514306 13.01901919742798 72.13384162017414 79523.72383182388 29895.59655414871 0.7952372383182388 0.005729683641298475 0.6233467290792845
131.07315372283435 809.0450648841841 320.8004696028348 518.0885111432457 199.31662461806292 606.9869718596353 11.601533086071267 808.4431883358722 234.63858860607982 681.7722560034451 262.53596622698274 546.6951367978074 62.531298062773345 -43.68604785610026 -2.598319181441795 -55.15824468382864 54046.602043574116 21425.398279837475 0.5404660204357411 0.004996752616486581 0.3905634419411437
140.38832915515297 822.8065949731148 26.87456530215005 529.0649562353185 137.95687654960292 541.1288724535661 344.6307188017297 741.7068823605264 59.28642960773969 658.0767063362929 194.25766445014239 818.1929963908427 15.585940788751529 9.714861253999345 -5.382844456952299 39.51182709154463 100463.56239483618 35466.348382489086 1.0046356239483618 0.0096889998880328 0.7139656273073778
189.19707673049382 764.7414234308054 204.61415452690218 852.4800052439203 6.586351284714178 837.7878678062477 353.82464092052686 642.5365447858679 120.97688645138531 722.6359740625553 99.61207801175432 878.4464693745614 -3.975011296774227 3.637498164525738 -31.09264858622778 -75.0533972420053 39307.234253240276 5820.825024899295 0.3930723425324028 0.0023373293639927257 0.32295246161262103
157.1119541623179 640.419731692333 41.465052466905846 665.9924754674373 117.69562390286755 771.7170624968089 11.670204957353283 556.5605420162365 216.39488024794338 578.4183537967584 245.9397983737435 509.9300683086089 -57.44587669186829 53.351402314827766 -68.42973205533283 -39.38883786227698 174672.8249959506 45716.492540791725 1.7467282499595058 0.0184891206780479 1.192054629618069
174.22351872494863 811.6644691672384 338.04360860127616 793.8653011209719 58.14252819730266 632.4218559161418 52.20937951451572 877.9850073513618 69.714796789911 721.7075576407141 16.939736038780822 722.2375011677016 -56.48888391097766 -85.42243024491121 54.12019703713514 37.68636816096824 64800.23481191832 24147.713681657828 0.6480023481191832 0.004491079576884455 0.5132699608126495
120.50457745341951 748.1460678832664 152.63900193977284 524.3551981651801 298.6383786243492 852.328909139768 97.70842913212805 636.7744086167606 210.77346611392895 771.8523889472767 62.69134131685241 563.2283647298707 -56.21351452342418 92.92703977749497 92.95484866007769 78.79618095826777 74818.33162852358 9785.900518153412 0.7481833162852357 0.0024857691350445915 0.673610242233898
287.6243384412992 702.0002048225491 124.2760829281902 520.3123607244972 89.94264136503634 737.8208770463898 4.154912320112891 824.6192708691424 263.72846582581036 555.5251612592592 12.336972092746459 893.850185918048 73.35570770991026 83.94146391186783 18.90293628740696 -91.6981111621137 77940.59881525693 18875.3726139262 0.7794059881525693 0.0034616750842544116 0.675555735624937
91.62201354770328 746.3415174026574 301.484070457864 615.7898988548286 359.8934146573005 599.0577383083069 23.124258470389503 884.7404695329257 341.3105174240192 532.1531777807413 321.6966263275036 678.6770820221043 45.845480334424934 -58.58354440425329 1.0857926032966247 -80.21304988223217 34870.07227748762 11877.179727720018 0.3487007227748762 0.0023810992160210116 0.27726774629424583
127.00020190367393 857.4276879687976 48.713979547535985 675.3402259573558 220.3972686471778 891.63565017082 236.3308543294176 634.1555351571512 118.27070852310506 800.8327587483989 207.36807901982291 692.7464206497641 -96.77482091085794 93.06029617150313 37.67903177447411 52.73182178454513 97989.58927631249 19155.859934594566 0.9798958927631249 0.0038658962690797582 0.8639190046907322
314.85979900136135 774.7844173264596 338.708029503638 734.2942052768325 356.7215027927219 754.2240067303325 42.665939325022094 529.0196189601484 177.8319710639333 834.5676066453595 92.47791618099004 610.1049563256828 -9.726730352951861 -84.62268497150534 -37.62460050272676 2.8610119416772477 50948.84866204386 11312.393738088012 0.5094884866204386 0.0027353282952257895 0.42742863776366485
252.48189625311142 859.7848397907821 274.1512413794279 552.7175234655837 218.85001091194175 782.8950001344223 243.66296828882943 832.8947927061022 279.03208133617284 760.455959644038 18.891351985199204 853.7747491449203 -40.17281849988492 -83.41443589515563 -37.41034864812809 -52.405660905482996 128972.98127432246 20794.195683523005 1.2897298127432246 0.00792921331629328 1.0518534132544262
248.87948924007708 759.6247105887321 30.607783305143382 661.5662326718384 281.4220464445654 758.8881750768503 201.07417184576124 581.3302365176934 53.781960060134885 515.8183310239066 173.46282881821628 806.4185949368048 93.393084777859 -49.066640941662065 51.223156170102385 80.16586981199484 44539.02274566948 13025.181352054988 0.4453902274566947 0.002044717550214138 0.38404870095027055
206.44184694198938 751.3099820784096 310.54278511269666 792.6044097380222 79.87006754411568 650.4856612071126 61.8996797421608 878.7887592410934 70.56372232019858 732.1751063796034 250.48909169845214 870.0169975246583 -88.34866752540889 31.927077529422604 -49.86765087435248 61.45879667738791 152939.06621193045 20887.722725478798 1.5293906621193045 0.007167022003634263 1.3143800020102767
323.94360097752775 663.5277942814204 76.60529981828677 713.9416992324315 166.97135969121146 646.2658038623655 235.5834987897186 598.59773179179 152.6023037929102 779.1921608516643 220.6849325819103 604.6207308101237 -90.37914845724197 -45.29169131876325 -5.498001601467479 37.33543791920323 102592.74249306555 48583.2323064434 1.0259274249306556 0.00833074717210679 0.7760050097674519
0.5422479341115949 749.9785064886385 286.48881765526306 650.6629223516752 186.15706539213954 805.0655755241056 258.4787567317177 642.8559232895522 204.7546768224924 582.7410558193045 334.97094118947314 879.0751156518231 -19.003439387677545 18.37526881858895 -6.7814499206515535 0.5982184586251833 155788.81442161184 31198.909701309418 1.5578881442161183 0.0014832498179060388 1.513390649678937
29.17712378559323 593.4427945161899 107.04482955190632 818.8088295415274 89.22311899852207 886.9176238702222 246.20738495216372 559.820023989933 73.64052931191011 671.9465906097508 357.9408530887437 885.9799775391066 30.96247368752094 -80.46204571187911 12.706492239435278 44.54316782926 73329.93746756975 12035.810406832656 0.7332993746756975 0.004266022070702697 0.6053187125546167
324.95399079644324 561.4887998304614 128.21763469448186 744.0540525324864 133.2544652616589 599.365012499218 96.70062163308866 710.465943531701 177.7378118170479 866.3903312602205 246.18975767316294 524.0671558070403 -58.573385048247026 -18.301981269193462 83.3410640388233 -69.72141470069187 80423.97054237727 20670.04483248346 0.8042397054237727 0.0034854520717068744 0.6996761432725664
79.19841945086993 714.8452238645601 348.33173375252517 599.7454141390035 67.81783225258141 532.3685399228027 209.12781207756555 688.6065389970172 184.35513606738212 874.0517088110823 68.42516474961653 761.051685528384 -85.23342828044926 90.30912629597694 -16.74316071459603 -22.68980272540915 127640.84424587086 37151.154133420154 1.2764084424587085 0.009050268184296353 1.004900396929818
51.8093218531945 640.7225931577145 204.60364628012917 593.0783574401597 55.93435810210841 857.3847533334229 44.01269195893927 636.8322779201728 118.65939157147236 771.6485829127137 128.67854643392928 717.172464135778 -38.9937095373714 96.45654060042452 -68.7576835827607 -93.24640127284911 39818.05585864801 7020.723648105808 0.39818055858648016 0.002581093768529947 0.3207477455305817
181.0520348734589 828.7003626803464 122.29397865477155 885.8891526143208 181.3394676423348 631.5978436627054 26.788443851678124 651.6106208375348 114.65395612999757 845.3989659326722 43.368343668702195 803.2060899931776 -88.010891407919 59.744701186631914 96.88617073863898 -59.50337844759637 162577.51234022307 24376.808586144492 1.6257751234022308 0.006199354166837376 1.4397944983971096
34.532443601145026 510.24120758012714 136.73308561880182 576.7722142589671 359.51215883930354 552.0966737225318 255.1582215574372 641.9336812240524 25.166966892771807 593.5060452443031 82.77315854553233 577.1270055803736 81.48415381554574 77.78185514893246 -97.48006027559511 -75.81246434684743 125885.6202900654 36087.67289443675 1.258856202900654 0.010966590288353771 0.929858494250041
212.89343541833512 588.1776115505589 34.97564837365224 771.0914139254047 202.04777090736894 666.0211159815775 79.84290100343003 518.2305395004764 71.8519272098985 615.231694611258 196.722575314764 871.0528076819353 -75.21044820709668 -79.56763436701956 7.0477281930821505 -69.07104267705307 60341.58419870679 14688.123903358195 0.6034158419870679 0.004099088520364004 0.48044318637614775
51.773585168986074 526.3514896691723 197.69302620439723 890.9187774112542 82.44557460913406 710.0710081920581 72.92969620956228 687.0059320306722 26.545334989842388 546.1832811803939 75.25298921799855 592.4595740902355 25.926393456868226 -23.47864066266547 -93.8815570045046 -47.93170487445779 65925.56869856076 14670.019669499032 0.6592556869856075 0.002848154108157957 0.5738110637408689
30.23782447427438 885.2156038182884 127.65803701373142 532.6317704413224 170.2986277790509 676.5607081244315 86.9811022320316 884.9495824440048 61.81262008926248 620.0288885186538 245.78532539512813 863.4039308971385 3.797673836293768 -42.82545481663982 -50.3374188314115 -23.118721200560913 79507.22639576839 33054.80401962075 0.7950722639576838 0.005816959538868535 0.6205634777916278
123.33035577878029 795.0813477173954 120.1698466762709 749.1393782144091 99.23200807671718 628.8019456823251 30.24930609910603 877.5729852046113 103.38400639069373 705.201313787835 247.1971286227639 623.8533277445283 -93.5576743788077 4.227055575499733 68.37150852333133 -21.202105596616946 131610.11563791655 26610.886626085514 1.3161011563791654 0.008997981915735235 1.0461616989071083
189.95376642819392 676.6207103092929 108.94503824441409 684.8156101445039 10.683731656570732 604.1298518239353 61.8843981261105 806.9334157264469 200.73620586132355 557.1997139621603 275.10460858894993 684.1044178938165 24.201331109659336 32.586549150581334 5.507011549226775 67.56341742738528 95838.97583655774 31485.978804532944 0.9583897583655774 0.006592835008052347 0.7606047081240069
141.66853434370893 548.0880585158816 101.77217890299544 532.2567221093223 237.51588085926034 526.9913795634444 203.73856983988864 853.5099142028437 159.7437504538602 857.0699276533884 250.73757688198395 806.877824210914 51.475101189928296 -0.09083440981147817 -6.914352315530678 -22.495677399373633 74475.10788170944 22838.04813623657 0.7447510788170945 0.003431359808822304 0.6418102845524254
59.962261100816065 651.6928784218568 337.4128138631715 623.1282810892623 275.45692629216774 569.6863185707532 7.342664759550024 521.7511463191801 333.0379455960355 621.2586534905658 78.88123168254053 737.9914306752008 -40.76383947718008 8.627635611259365 -59.859834336021734 -1.8013866619979382 44074.46932971684 13426.684909351963 0.4407446932971684 0.0036183951016250616 0.33219284024841655
35.35229496364913 613.1735383275493 303.7127825727687 613.1400440361869 5.771274019076347 823.3028699277394 6.7647055392169175 608.0895771687051 262.4290956905563 631.4687080375332 183.91626794291358 609.4624125233902 41.66991774038215 65.24260144985746 -82.32542670199001 67.68880326352306 114197.31055841829 15479.63873357757 1.1419731055841829 0.0027651200149827813 1.0590195051346993
107.38916499777605 590.5897260924588 1.8014158625200283 656.7040426826936 17.50099223985082 555.2405267869549 111.66162416277109 812.8777369396462 80.98877254275357 609.0149557902885 199.48397416443262 518.4610486301718 10.229605745344443 99.47978961154192 34.14707813994801 -1.4165325961116935 69900.55994654352 18017.234344836656 0.6990055994654352 0.0044267477550652135 0.5662031668134788
169.41943310190356 895.7576588966558 184.18933182762208 538.5549809607488 267.52934115454764 880.414034817913 257.34038247380585 500.20569888597726 24.067379829516153 710.2828480202309 316.46666324222576 874.8525205065984 93.70867243151 29.173427443191258 34.0867490753744 -26.01644837077606 83650.09381334939 17022.485394236206 0.8365009381334939 0.0015448063908095905 0.7901567464092062
312.2170126613587 546.464208384525 340.32893024487294 789.9258029554791 102.86893071367686 808.9897715496852 52.30774794443789 736.9392119228082 267.47893782007054 522.3979627852091 88.20754281614775 514.227020455027 -99.86505420931395 32.08694103467761 41.849378327796416 -7.46187055637246 98638.1663359124 22993.744606615714 0.986381663359124 0.005926548703621579 0.8085852022504767
70.02234862805771 717.7904309454174 205.96379650918624 753.9139833154308 167.92169902217614 653.8107560425808 110.56172380207737 839.9741493925467 160.7572157117146 548.7688221257985 102.0780779668717 790.3529261534158 -81.88770941276357 -73.12858710171501 -10.460886295401096 -17.02657873588565 113316.34348151457 43887.057460654556 1.1331634348151456 0.004405513757381386 1.000998022093704
204.31552085359672 583.6435373354198 335.64931711677207 664.0157131940028 232.94113135926202 827.5015238768332 284.67762930917144 660.0509624032024 356.2119044316684 655.0791385746246 137.92026941504497 846.5525630635723 -86.05021596428182 72.40189446808435 59.111876515983795 63.68269408326387 127572.60831121051 28447.3779649404 1.2757260831121051 0.002938309940203106 1.187576784906012
134.21108333502366 754.3347501573961 145.43663445688418 643.8349262495383 256.24934183625 691.9394376387935 305.3277443115224 753.2985188672674 129.59948535396154 574.3170912705568 262.3884470198858 784.6346262406757 -59.436659885406605 -29.458771871898094 91.33409585050731 82.31377243449006 87027.71652124512 19806.58248372578 0.8702771652124512 0.0033945402204449194 0.7684409585991037
304.9930110276237 519.4626936041609 228.92183392550615 857.665368292983 25.587041421079846 539.8567180989553 270.6974816654928 882.6979047075985 339.56825685589365 682.6776929026719 47.01956048131967 875.275787673733 -69.81449249788622 77.16140373609639 -54.780379749375555 -1.811150747723488 76356.13934083575 20464.00950678529 0.7635613934083576 0.004696355010561767 0.6226707430915046
100.61306454663519 709.3872807793235 183.78042250985897 757.3238647443725 4.297666829767337 540.6171320919327 193.83109010216668 557.887891837257 55.74403607054967 571.6925247231123 216.1073529572404 573.6392981895631 18.97913877299419 65.79952596796534 82.10068293407141 20.050333336466124 53517.17062179127 9645.617328841101 0.5351717062179128 0.0020592113013740074 0.47339536717669256
357.17789597075864 516.4028219921237 345.28093612995406 535.3279664439801 192.51666514186476 754.7531079654889 69.04604517714544 743.854829001769 65.1886628535146 732.1141234254535 57.84857429122054 574.1316202148016 13.652488640537811 -48.01223125996075 -81.6961187626952 18.104198687198163 43992.92709665986 13437.872833034908 0.4399292709665986 0.003391770681871788 0.338176150510445
56.498174617911836 829.7807187429066 76.92988186986855 582.1089355504151 106.21202426042056 596.9158836520897 242.6939826408627 653.5341906977146 186.34105503020584 766.0369749913062 307.51388598935876 642.4967199709565 -77.53532405150965 -76.25732702808934 72.11198993172414 -34.045354463602436 177969.3125818225 42811.09705748252 1.779693125818225 0.011132294525897002 1.4457242900413148
240.4382267523818 789.9264265920149 319.8967848891019 657.1740503284188 93.24352780415612 718.1262275583886 108.20661604357025 831.6970540519344 37.44329552924529 726.8281538181411 9.929761409701147 872.4208203416083 65.09336074211052 -76.63103479020046 34.62495383109797 -48.944812894035024 91414.09002770123 24034.923543757403 0.9141409002770122 0.004496593455023157 0.7792430966263175
139.6456209514296 875.2640062762904 97.14405287385802 814.8411036580121 238.25719713416456 649.6262105068668 145.22216778550586 604.1924095759023 38.88897149221984 750.264183556083 51.28561740422987 786.247303947537 76.60926244555765 84.21241396662074 -18.42910625766632 -25.500707811940273 94749.09534580774 13145.609766628646 0.9474909534580774 0.004207856963021126 0.8212552445674437
265.59197603122635 847.4066018491004 128.97824411257844 625.4975040158911 116.64503739479316 627.8512548000743 202.61526891358244 514.424651119981 244.8412544573185 614.3204698096364 143.26872404187574 841.6085241106005 84.44326251087705 20.68672963616902 -72.73845068440161 -77.69449030951661 67411.79048304718 17675.68073050811 0.6741179048304718 0.0016172230063297669 0.6256012146405788
54.636236555741256 514.367078555088 3.2957911451187805 700.9639776470817 122.36059111731282 672.156517537231 212.54872570181044 797.7194308297803 27.47439821226889 831.6129004675663 296.06724111063465 529.2691414199952 6.087358004013495 86.4609699509412 -21.274320354016552 24.008778564032255 65560.43479121085 10634.223849322267 0.6556043479121085 0.0019517999098490398 0.5970503506166374
1.0963264755282376 877.8114010362831 53.040789090028554 545.7667489235512 150.59947711421364 863.5043079234872 128.3598263416273 589.4584932026618 253.24487755491384 806.7774101184448 247.86371632169062 744.619912197277 19.627443296693656 38.31774773736066 -18.859378176397783 99.3793288652003 283589.7660124936 55763.17433132814 2.835897660124936 0.010467107557658954 2.5218844333951678
96.94033437241094 697.6969696246325 260.7508820856518 689.4454997946218 317.9929396435707 856.4068696056137 142.2016361535098 538.2727939110124 290.0296134665889 673.630726263356 54.12950234448063 745.1005572136465 42.30725247770715 -80.05671399940364 -95.68677980896796 -54.74457913674902 77590.58867785762 18642.94412470532 0.7759058867785763 0.005801528767941924 0.6018600237403186
21.13938551473653 568.8434674206029 354.88001966085 732.6964367481692 232.06922607058272 728.2009386515283 115.28877040059531 533.9856575499851 290.78601127390004 754.0166412122 140.89819712499204 564.8082859963394 80.07019972861312 8.181886888820557 -45.98877881209242 21.87076135166106 113567.18321406063 27175.883997502475 1.1356718321406063 0.0052050523322793975 0.9795202621722243
312.6560841321949 557.2157974602416 244.7058351059992 662.9411266425795 289.65177418680037 698.1023518009722 266.01292876233055 720.7974586265318 111.83111020576453 772.6811613113648 84.0338834932115 814.19206744296 -80.91268014801344 47.45245789974783 -76.8914379738238 65.8533669197345 129501.95921284352 46837.162882825 1.295019592128435 0.008840134560212393 1.0298155553220634
136.73632559026478 542.6861282385796 180.689067141539 647.3705411791224 321.28488699075007 584.2576900932996 180.25266693984088 802.0052227890044 300.0053878100926 643.3766553827795 318.65702589013915 703.1087045731826 49.43966340235343 22.24456859954722 42.934159448758095 -98.14597286963034 31571.99892956627 6254.865598452053 0.3157199892956627 0.0033118902500896127 0.21636328179297432
130.5994114837782 795.8875500205825 186.22071032832122 836.500948903873 56.44651444627215 847.1818678842244 124.64683373648033 869.6536668427111 327.59194651110977 648.6028162568404 215.8607768836744 699.7523296968994 -40.92815039354885 -10.225710434917318 -3.9124905985495957 97.87528512840558 37719.58298846638 5157.093329345734 0.3771958298846638 0.002679839460719438 0.29680064606308065
163.18373117905705 656.889810140788 266.89377365332155 643.5606402508344 90.84541130881858 756.9405962982889 130.75521542224652 895.399827767185 327.2825901423991 820.7394419520194 198.49391522316506 744.8184568064707 59.14829974484746 21.467734576754793 57.923367751804136 -51.7556919535713 71476.43578825473 9142.753143850145 0.7147643578825473 0.002392698339685855 0.6429834076919717
275.96715353630213 692.8325973998453 35.66440118935712 834.2482916341007 33.75399862710219 751.8715399044331 282.68168763783615 583.9135305567418 118.02201100518536 844.0348364375427 349.20754850907167 533.5537727290939 81.38367556269591 35.07310038938405 -74.99249604410092 -84.41527075318653 170595.4137777716 33931.27843255805 1.705954137777716 0.0031722345972366294 1.6107870998606173
81.6581550038989 814.3904642858919 161.27359280642065 778.8477548938231 339.89713864497304 625.1388851172585 134.77915764990124 600.2641966280952 152.7024123394942 535.2109651863937 356.66469921516494 727.7738349207536 -71.12958310074958 -2.2396377233759495 30.212199261677853 -21.53831913925272 64860.51374594798 12459.07521061143 0.6486051374594798 0.0053433886168878595 0.488303478952844
178.66800214974822 599.2350503742081 39.65531042056221 881.2547599337636 279.1504173694818 674.5506244120104 197.7773525057543 590.1922028326402 189.22100653224655 613.8074376478725 105.22453515301041 668.272778143927 -58.43081272188686 49.79303338984772 -60.29308411693177 -84.9037109659406 169416.6100359775 36567.38974091148 1.694166100359775 0.009713184605969259 1.4027705621806972
275.9657752631365 519.1664977446965 144.83818157372636 840.3779569033396 66.1603184824934 718.7302585379194 45.29862009272516 563.4123120610583 318.61474660420726 862.9648782776105 157.95402421126045 660.2416673907529 -7.7089448738411335 41.47479567589579 18.674392392479106 18.03502141736702 69889.29848266226 22489.38047351498 0.6988929848266225 0.004158594314228564 0.5741351553997656
52.752941460402106 832.5003920141933 351.24404987464004 705.8283054955172 142.34896493152667 709.4393837646389 131.9119798151287 893.685089964137 134.60253871422617 845.5568529291879 111.00346261061732 754.1033656585877 -30.796921235448522 51.265763142499424 62.910310696687276 69.93282377819224 165187.36102651985 36743.2291114119 1.6518736102651983 0.0074823894844004545 1.4274019257331847
134.80545516965026 791.6816195042421 302.7059633110586 874.5913979736598 304.3003528982322 732.0559523949321 132.9152926576861 643.8558911900061 166.72007454760205 550.4242093567698 86.29085665200789 606.1748330918433 -73.23535065371085 15.583436145428834 -0.22542350810934408 -28.21627888683291 48442.0943598055 21273.892328372094 0.484420943598055 0.0015558372611779044 0.43774582576271787
66.05459404556882 566.4117242586127 63.39432713399349 544.695149787937 79.27011614741106 732.1546229446232 203.10082198387934 736.3329068857207 116.91313801003541 879.9869613845103 166.64121519765206 717.3142804186737 76.39158394763763 71.23801467728285 60.638502710292556 48.7489975368176 166079.60424086524 19593.35274712127 1.6607960424086525 0.002474372801134158 1.586564858374628
210.22960837163865 566.3845642775062 111.85172007281288 811.049312923032 15.49809522114538 780.1922014195553 345.5633598523452 646.4300195303027 166.14936460074733 604.2965055380448 31.4061083651819 847.5263862577605 22.4251838954234 -13.040590258659861 55.726083426666804 48.59311998546045 78092.621965379 22213.62185558763 0.78092621965379 0.007911331465397114 0.5435862756918767
138.2484837682574 542.8085662603437 316.1592756211057 713.4714530361945 106.7641289331585 889.7086607926692 104.13193869376445 707.0834701470044 111.1337461857766 792.4779983693122 111.88805455027705 501.4558670390478 40.960201695342676 7.797039051058462 -79.07831366369157 -6.319058803982031 62999.1990344477 22321.598707453577 0.6299919903444771 0.005574128130536904 0.46276814642836994
285.47896959707623 538.6830322950615 339.6942637673215 722.0177150670653 27.623742432363816 894.168943221988 340.1581635383326 876.0276505653563 206.1128584783432 541.5462744841208 80.52116091504266 720.4409015478079 -51.30810141365079 -93.79100839624085 -4.435438837651361 23.273390214616867 42870.30159543283 9578.709363186235 0.42870301595432825 0.0027944705673942387 0.34486889893250106
124.88238187504228 821.6644505657786 181.3273630121418 721.6423810630429 343.19029690301676 508.8272360340976 221.89115573270152 837.972866367566 297.40457600102116 717.7864297638987 178.7022837041917 660.270180691392 -86.62365102817625 73.08606567035085 -57.527281140384744 -94.42968136582286 68432.45193272682 11924.15429275978 0.6843245193272682 0.00205709476910139 0.6226116762542265
308.09217697210136 707.2417086154265 78.7620373226867 504.77438187633396 43.35460996460987 649.5316360094296 0.6560363074922337 777.1021873497818 296.0517879772698 561.3195683913367 338.12461794249975 533.8154159153701 0.31822013535585825 83.73655394863076 -18.410130272786375 -97.01644254402602 48497.61145661 11103.633574014395 0.4849761145661 0.0025784904023105283 0.40762140249678414
256.96687453006354 864.530229110291 26.656126793740714 842.6494193856754 275.4218377632672 516.8906774471874 142.73836585708983 634.5763859304611 205.39732524690496 693.9369295674455 35.68844081993766 642.0924893091974 44.600937447905636 68.17279697186473 -92.45767010631154 -83.09851741395535 72625.74830811458 17462.53324900302 0.7262574830811459 0.004353524785020086 0.5956517395305433
179.1718311341124 888.8428541697161 336.6849620608554 828.9609543041397 336.6175161322387 526.306755845422 201.8942497223189 698.91933499402 59.47374524601099 685.6504107643038 294.35046964098245 596.2697373855417 51.35493901332288 44.438275451670705 41.63533849030654 -50.68802642136014 80266.55340903063 10202.822684487464 0.8026655340903063 0.006517797051467946 0.607131622546268
159.74875180495644 598.055148737838 143.51375646597663 561.6459777066544 165.03136465943203 683.6974049191201 96.86189372003685 777.7016297241852 235.94850682167288 857.7799994238098 313.8665425101861 857.8398048006827 31.919875459201506 67.21417590557817 -7.03681695549659 -23.1138633556139 71740.48181407884 18817.91840470495 0.7174048181407884 0.00820746148774416 0.47118097350846355
329.4730575278638 619.9169591077709 337.34511032622356 830.3776696624341 121.35643370759782 585.7859047366271 129.19124861659793 607.8247072611699 250.31362504290303 534.9339999771221 159.4976219620149 790.7507841038403 -68.71276233859064 -47.34068713610724 37.41026902270701 -79.52608786014399 46975.42460812838 13034.71829840289 0.46975424608128374 0.0031927824947110663 0.37397077123995176
275.1470062212424 881.223976325276 167.76136861130027 772.8845592716509 70.53053170940737 814.9538760429539 83.29834158204147 580.8154883914488 281.3551996342712 569.85072777651 358.76272260546256 895.4257565883338 -36.500714415282395 -15.00285484862735 -39.0619457830496 -72.11126316984124 52014.08595887829 7229.010168569717 0.520140859588783 0.0009196053610881899 0.4925526987561373
271.63359077033476 546.3819861980784 206.4886738569328 867.4572716264558 231.28231477693146 577.4697117005074 198.78294471628578 726.4161361047364 61.33722757675036 715.8741170253235 6.756422962153197 567.6858744660983 83.93283483526164 -47.96038268935201 53.555645536986276 81.6151172964471 38417.54790118212 13371.100216173458 0.3841754790118212 0.00202648503608658 0.3233809279292238
199.49621241392074 622.0409596810871 74.21032957710932 611.9968929612647 287.0627041149 534.9464473847864 103.26451941443995 715.2285738242432 301.8953649276427 774.0633028386976 107.19681296989826 571.5850199081159 -76.87426322815688 -82.38906622442397 76.6377322658252 71.71155668637843 122929.09436428371 43868.78556478003 1.229290943642837 0.006112633238380141 1.0459119464914328
260.65747351975386 538.801322177704 337.025996638968 795.7239137631017 203.0608618041734 662.9672314211266 176.42980448220771 872.1155545644879 288.27666747321075 738.2303395830387 152.10831804278092 656.0344050418105 -77.60266739603861 -97.49865834044687 -8.51875421230082 80.28823204926724 40290.40390786615 4656.563283131396 0.4029040390786615 0.0009796506553476107 0.3735145194182332
33.77683149025422 711.1109833937935 80.9917588906005 532.7095309202268 306.0948976454587 584.3035294334095 355.19587664339514 525.5063887368909 310.12921391523383 875.3148298840377 234.71954677462182 665.3819839136319 44.626853345130314 56.02843624982313 -80.03000343020064 6.465033341149095 42636.250584517824 5713.609250331593 0.42636250584517826 0.0015414104937759006 0.38012019103190126
182.62676638894575 663.7715683441975 150.0388317787828 803.1353545569564 139.3917417840589 677.48676880098 296.8771915007622 672.7598943891529 138.60795689492224 568.3956798295898 117.93699973184867 656.3324313284763 28.347120470659945 73.61217107793223 16.705478569435584 -66.24371075313829 49579.152107540554 6473.802545641186 0.4957915210754056 0.0030011442809928963 0.4057571926456187
124.2487792925782 884.6502606792761 264.3811913174809 644.948674010365 28.795896189706998 720.9818979956935 154.3797166768566 718.1242004454082 12.248022127292582 636.5956665072155 317.31686238117237 689.6917005652624 -67.72962857336329 42.523339042528676 14.06280259087626 -31.796274099637856 164902.79594592852 45813.0213454648 1.6490279594592854 0.014320771185331071 1.2194048238993531
138.09190989899952 805.49824168133 98.32315278047452 501.41651100028514 76.33448048833452 693.3166858515546 151.3840388000526 811.565766599254 210.7748868812325 504.0880307725951 17.62932427913029 838.0820681283358 -34.52810390712604 76.6726159631271 -58.405139768271994 -2.2681229704789985 65353.70050627096 14003.19401015037 0.6535370050627095 0.001852180833650928 0.5979715800531816
229.30707434988486 598.3392267260638 119.5622953370112 674.2831326473483 5.528456948164471 600.3215185006784 188.05426017137324 826.7015942146797 228.48817076210256 728.9850855214054 59.538119467898255 873.9488026236313 28.906703827873372 -62.64909562782772 -87.60953054112986 78.48600893345849 71457.98206145606 14706.770970329218 0.7145798206145606 0.0033206974136449686 0.6149588982052115
345.7127536348013 763.3777270792264 157.67540235320627 682.2392176044531 159.98945884757183 830.387190790835 128.9286372792217 878.0296975206426 146.19436722741278 543.3712283288552 94.75048224267222 800.991939542909 50.73586340711512 80.88379561160491 49.89755599130754 37.653635712592035 61345.699426569394 15924.266473336556 0.6134569942656939 0.005503448176218256 0.4483535489791462
291.9824215853973 771.659830298364 62.09741028962049 823.6791975686031 179.2732925548171 683.0613400134721 234.48761817990072 555.898596945395 5.614878868972206 761.9084024402609 273.32860087184736 574.0106647657008 -41.122719443980806 -37.58059163112273 69.90149468014397 -41.67868909894239 68496.9976992589 10621.277993638314 0.684969976992589 0.0011635626521889308 0.650063097426921
121.15023976084593 806.3167533160654 287.9380420927698 698.4801935108628 63.87754160403674 864.5714115992844 215.68750782069807 660.9659115328587 254.03364007889243 860.2366679551333 338.1312619440851 895.921300265117 14.741505430161084 -84.20251425225504 -47.31795801916911 -53.519431022354105 101019.30031603754 25240.98806295466 1.0101930031603754 0.0023700330018835646 0.9390920131038685
249.68743615739277 889.2975503434959 158.69343259431136 777.6578798786376 304.86558215242115 688.6547018624517 145.3345873575203 577.7121030300325 277.01333923758426 736.9316220703829 162.08442778855064 520.6911168700486 92.96666223024275 72.69912808575208 60.43266751432935 56.11237157372088 77331.91706917199 23955.040391784598 0.7733191706917198 0.004374839235566665 0.64207399362472
354.2662396217455 570.1692163357194 172.07876383082308 821.6399521291248 200.8640441359768 617.3325036045906 23.865399529860866 664.3688134682686 196.91916592840474 753.3139506975156 266.502447901764 727.2793115618334 -29.92555030420543 -91.8680440190047 43.006883256591976 14.184516795218329 36139.31668206425 8451.21820498794 0.36139316682064254 0.0050740142072600875 0.2091727406028399
331.82566218129136 673.461061605185 265.89614133538095 893.8878569220922 145.5290378694172 610.2368207846263 197.23046829401036 555.6015247106028 140.7081428238877 531.3783716219613 137.2830871001269 548.3115436946869 37.393477262162634 16.015063872423013 52.742093145272975 -37.353002776427324 102279.87660249214 29336.574210502353 1.0227987660249214 0.004218181335218441 0.8962533259683682
248.6482980563926 626.6787993811013 6.1328584511075235 547.7728348541073 85.92954788833333 844.7806828607202 208.33051180424826 734.3268467142875 306.08114867982755 566.3268666497161 175.01749507057156 880.5635833952985 16.020630607233045 84.50445652007164 -76.58851181504438 -11.460658349549362 79090.1802672259 23988.202065764002 0.790901802672259 0.005441132861198029 0.6276678168363181
137.6800136902307 509.488610852434 185.64945898452663 565.2826554211551 160.6564691215902 671.0846928365091 308.720512111012 525.8037065564027 63.86148959491895 780.9329948214979 257.18262765731566 518.8617063236653 9.133033156129613 -24.355728967743786 -2.1122587431897415 -91.70419858711904 16952.425106287046 7005.5214635239845 0.16952425106287047 0.001606625828657687 0.12132547620313987
302.80416285602666 744.6542258838853 165.9783268774531 879.4165521391001 44.55415479383091 863.4104423410442 61.00538406992636 608.6543021192422 47.86820525684952 773.2483338866575 259.6380657646779 709.359096326928 33.97873514337485 68.8552946121606 60.60045293370072 -37.21620481567203 108966.0712162678 18518.04742080176 1.089660712162678 0.007958910060195497 0.8508934103568131
355.4010983344616 645.2235293298284 33.870155345254446 664.3865581867024 134.30285858384477 810.603590011913 128.28019524673869 849.849156358037 184.58903009886757 742.0752673817005 326.1101504044117 587.8155712576324 -88.06163670494615 -23.986007475064383 -67.31708701274779 50.23436284734572 155408.12244755306 22273.21461124919 1.5540812244755307 0.004797917340956585 1.410143704246833
341.26250915696295 626.0575537072108 97.56884181091922 878.6646489308539 225.64791995636352 648.2629658220454 163.36845811093457 730.2644415632299 81.71192509226648 623.021056223619 223.70978733572616 653.6863331683336 -88.4013180350008 -76.55076095208184 -38.11903503797676 -57.749367895617645 96266.34108805833 41944.89520890991 0.9626634108805832 0.0045725318205852945 0.8254874562630243
242.88079580280979 585.0412881065956 40.00301578470546 779.018662668773 278.0209581927832 546.1684238534657 81.95868280677048 541.8135606983914 211.55273829433966 812.3455658515204 305.1365563383466 622.097384939045 18.467532577314458 54.367493594754535 75.28648039010451 95.04567833651222 51123.35258682199 11112.600850343144 0.5112335258682198 0.0019548908124158958 0.45258680149574293
236.28712703815657 767.3407093346959 94.82823550176762 603.9440914705467 306.1304580126344 668.848597897642 294.5224495466989 644.3469960262418 345.7997615013585 636.0566592137394 273.4947253379663 581.6938628669272 -50.109605864763786 -76.88465333749288 64.14025315523904 99.22284715934083 58796.795045490464 9376.059636075519 0.5879679504549047 0.003251645795788002 0.49041857658126464
330.5524399747237 720.8274736510955 78.22936592940364 658.340493222131 24.852256501948382 593.6569064580591 332.3729902664585 656.9676034322486 239.0907776681659 724.617730570693 117.58517025669964 876.3328840199779 3.029234034108441 84.37331921217626 53.189003747730055 -75.8123632840269 54750.48109003581 19357.22581353825 0.5475048109003582 0.0041852541178462365 0.42194718736497105
155.90166561192714 882.8661016263159 162.70050591525845 655.620495486634 347.24835873429373 760.0753552778342 348.53271290476454 832.0880479234106 302.11888376629435 848.1817723459695 43.797649183959464 618.5006163549201 -74.59329152095293 0.745171992529265 25.727033182030226 -22.031793650811522 60663.03438300644 15107.045591393397 0.6066303438300644 0.003948774772403798 0.48816710065795044
276.2066876184835 674.2551855038349 71.5850040251681 864.8239575604572 135.03689849577756 685.6982033430636 249.75830961072933 714.2681544922907 172.089641622424 731.671893667539 156.5698486188356 648.9617155029464 61.97165735084204 96.74017990491714 68.96146257774507 69.35475189759 78953.16859606557 29351.747156677815 0.7895316859606557 0.000850763194377229 0.7640087901293389
180.22840208651976 739.6316591561178 250.03629316449332 651.6364224163145 287.4174446376681 554.8654169042046 17.55311135616985 821.9168106563404 318.5567614957885 898.053123336217 239.6111877953214 516.612965139337 6.149934702585114 -32.38513183426565 48.06311627692514 20.82057744838049 44614.4964108785 8042.274959403785 0.446144964108785 0.0022522106478606104 0.3785786446729667
314.4834987977165 880.6015779172135 171.5015907392296 561.8198365689659 269.340281899404 613.2543164337952 170.46939627939628 665.759027218815 165.75294904390904 777.1866312675868 356.45023319005276 887.8680382085513 82.05312293539757 58.854624725853085 40.162200360820265 -37.49411388759758 33410.202010700676 10782.51257343142 0.33410202010700674 0.001510181556761387 0.28879657340416515
321.46752407657584 856.3721139379165 308.5704173452489 885.7732676108868 217.11901344355638 771.8576114738005 338.90440160667805 525.4709750064218 52.572832847798175 721.3049650392225 177.90704014698318 705.4648941309831 -67.96520793419971 -90.39396127767516 -29.74092770314789 46.0545784671792 84548.12059935954 26939.15001180328 0.8454812059935953 0.006951293214223451 0.6369424095668919
2.6695083393103447 561.9548877133695 42.613558480251115 727.1933250183031 74.34907254228436 542.1530029688596 26.41629800324987 850.0715035603639 91.36927042303495 596.6379615869859 321.4765301102404 523.6855106061687 90.42352444772501 -61.715616303443625 66.0955268852683 -2.9936116834834934 40538.84329043946 9023.010803299705 0.40538843290439464 0.002887186526437561 0.3187728371112678
240.97408011816313 521.4844965000013 45.86849054666294 772.1889515777666 53.246682444038825 786.8545703726679 27.684881621895236 882.8327641894402 343.7351164967283 760.6884706131907 295.27362584011945 757.4549277694097 18.6027803657486 92.50354729342516 10.591168385808231 67.48563529550114 72174.23502346156 17636.467963179013 0.7217423502346155 0.0037627371796729882 0.6088602348444259
217.76081936726385 773.203844204173 216.0598738790433 830.5038625290272 60.25531852696682 713.1075141466572 220.85191038403502 701.5948628583567 90.40773340000887 752.477025622238 256.9042367337451 507.75722662085457 57.74197150711041 -19.41134664951025 35.45475385359899 42.45961417795158 136741.0158028273 40301.072917633595 1.3674101580282731 0.007127482224309504 1.153585691298988
138.43163629513157 891.3813677365737 48.757810478150105 822.8969594547868 183.80408687789438 810.7689525966057 124.4685038601234 562.7401169783101 275.95648380741875 537.4528557618252 145.7683044191917 882.3463889886921 -9.98755824741309 -51.45972473114553 -62.627293932214776 3.6538766325933096 44584.085551635624 15218.607719089787 0.4458408555163562 0.002613668453505879 0.3674308019111798
30.19337834844917 693.4533478131335 247.1984901196407 670.2240074509832 146.6608065769177 510.84889267645093 243.9871057782074 806.993673490336 314.97346915836323 553.2271279782783 253.04679381768653 829.4504369236013 -13.16509337419653 -83.23283363383136 72.73138252040755 60.55091305956495 240280.30738550948 58784.1939378143 2.4028030738550945 0.016200239015252627 1.9167959033975157
352.9597493958841 791.9545770211585 116.7533274243613 647.727562794671 91.77464494167498 607.3203084946012 123.95209020585403 841.8645556672634 69.90875235023722 848.7081784687915 323.44647894730196 786.2263683572478 15.75109296317882 44.765698744253456 -98.4405626458663 -89.17956538456862 85068.93743195196 21999.867440637154 0.8506893743195195 0.004826244211333016 0.705902047979529
21.882419463136852 668.9827660690366 272.2675475511088 861.3770460593214 134.46983466400147 722.2087018357918 65.35666801082955 521.7205282201079 201.00663442584957 536.608741320769 110.79231449452803 842.2779345356163 86.5564806920934 59.28082526208394 76.14573163859825 -13.236868441164091 72999.04574638949 9510.53515324631 0.7299904574638948 0.0015476797836869085 0.6835600639532875
5.67022867905167 796.9005208860481 89.53922325623823 829.4847877026932 221.96641382227327 714.1493025622178 30.97610621268838 500.8613755593394 284.4493931185383 612.7379612479805 247.00910529209082 766.6033336200342 87.02338597482543 87.88643040067006 24.859023765504375 -80.92482936750052 134553.6906427436 25225.65457423569 1.3455369064274363 0.003520061571027903 1.2399350592965992
244.19357229245526 570.8931556436992 215.72848164688298 571.3883279154929 170.4990654421799 618.8983301451183 124.4090483321725 507.6114890797152 4.720090665048575 790.211712461175 107.55317200932328 717.801311757471 -99.99209422303139 -43.4837402566931 -65.93938185151937 21.879705434381663 66242.8976403591 12914.41646138203 0.662428976403591 0.0053292026932580845 0.5025528956058485
118.8228432597139 713.979103762719 174.98650579557446 695.708124771525 41.52705515717658 608.6987908568209 263.6175545147543 615.7019531065342 168.06684286674235 851.9502153070566 198.3665915333867 595.2305897624235 -76.27856616308819 -91.01836908244955 -99.06847418812772 51.15750957476254 57628.567742836654 13877.898761728027 0.5762856774283664 0.0024123248915281044 0.5039159306825233
199.40871223527324 736.8595916165018 58.294093556692836 789.2285976941114 218.78068900543389 631.9081392534931 205.84445358812292 651.557356645214 59.099207878831386 586.7326692249342 276.3970897545967 578.7072989351567 -11.383415646490988 70.05902901029643 -18.802495488738444 -58.77221542897389 90295.56754687979 14929.307878482772 0.9029556754687978 0.002807826428318506 0.8187208826192427
278.0675063516619 781.6440048933684 233.8131981366607 606.4137190705253 14.005912989412575 667.9937278980397 211.24398695968793 632.5416074114418 148.34404432839153 882.6168298886442 58.83729205805814 551.6440114422519 89.06368945182436 20.433608657748195 75.52827795995256 0.6574541174114756 49361.04118094393 11125.246644250024 0.49361041180943926 0.002431311327932053 0.4206710719714777
61.97165054433451 879.877081034077 10.619976574502527 614.7912504329846 147.5894256372789 615.381701385819 15.129864057828758 721.662806213209 91.43178562712694 791.5930337304776 138.82335347874394 674.7722790849649 -5.763461836712679 5.310269819021613 47.779484417014174 61.82688838030347 81563.05847875455 14895.11124726458 0.8156305847875456 0.003106781379839475 0.7224271433923614
202.07002940843526 604.5981282955589 48.00902704013446 548.2575193421233 8.91307139433608 658.1152840831198 200.69416956169496 558.9673914522489 323.59192518735205 653.6873458439437 91.00182870985834 658.6527201766104 -57.92428787311146 83.95367030961705 33.83189623833559 70.66583056958612 87353.52482920824 32492.364757484534 0.8735352482920825 0.007302752193066527 0.6544526825000867
233.43512867952379 794.077700302201 337.20459330425996 869.4629651897366 23.160608362671127 529.8923333402652 239.64117572351844 521.5241483479626 292.8727927579476 578.4282341607869 205.2907315200526 560.9149224137398 99.31470787280438 61.495861945622465 -9.838489694908702 49.647099791259706 35948.661664735664 8252.791158372695 0.35948661664735665 0.0032408320473377 0.26226165522722567
208.16037063734967 767.2936389689673 178.12038286240053 859.8607845941926 149.55988964537747 751.969526702255 37.90380348746695 550.1895972877929 240.9638466905259 545.7076615306719 141.66256706052522 897.8567584432652 3.598552737326969 -0.6386947243075696 -33.46160053476264 64.98186604151277 66129.6191692128 8408.046923239044 0.6612961916921279 0.001813503275607722 0.6068910934238962
144.60000795211104 609.3768745852949 313.53766014888487 587.0391905258189 303.6990712939381 572.166087051561 324.40955183815356 733.116082926115 337.2772862915346 611.4432865216281 101.79848038023742 685.0882168330929 -39.506626214845284 49.584058664319684 -81.52110770553415 -40.397088339975525 35540.452696637025 8050.1016545800985 0.35540452696637026 0.0009209496773139328 0.32777603664695226
348.3901295826991 598.6232037686368 256.55809837957526 855.989290791577 131.4687180072466 648.6342833095882 115.4709500014236 513.7626386561896 114.64032095981008 854.1780732290391 116.3797734189404 576.4458666225822 84.27184527887695 1.2044548261476677 88.47382190006996 29.398676880165937 116466.61606970211 41853.86095480669 1.1646661606970212 0.007272376038625761 0.9464948795382484
208.93066291710514 644.8949576244563 25.01413235681611 591.1271490522183 158.06285156550507 599.3991041153196 346.8179107127146 809.7314145501505 283.9538699810851 532.9806266465182 272.23070964581694 759.3879250619093 44.920366052623876 0.31480059933801385 -61.182576346547776 -68.20732098498587 42962.63143991776 8600.68174185086 0.42962631439917753 0.0015098749448026073 0.38433006605509934
329.5419362064882 893.1559722261668 255.3030004216414 806.1131262310605 152.86952912491765 779.7072022496717 228.4834172234222 660.1505457249639 222.52574759907654 626.7804453533904 352.1922192368604 513.1983447822352 -30.48578565290181 96.56137037568499 81.85357475723373 70.14424273507217 87382.01150409976 24029.345437458076 0.8738201150409975 0.0035512343322809544 0.7672830850725689
132.33616315491327 875.8280159927099 85.33196183419456 550.2610525893192 8.42966679818877 640.2897540644528 238.9225703821986 757.9510121847059 318.35645268803034 559.6185069963767 114.04383208753248 870.4948922099459 -11.075953676256802 -52.95139235533177 59.64758380324838 -17.15591321718577 63833.10939110628 23853.22140602402 0.6383310939110628 0.005424264173743443 0.4756031686987595
104.17855033961143 868.0704848050472 166.93147294984465 581.9459881477392 238.81412535174772 686.4075451733593 96.36314442436415 682.89330033081 233.83929898389852 876.8267818635773 32.275499717155306 765.7167683641549 53.207211740946946 31.3894862145805 84.014599094756 -56.545859898744254 98161.76792479352 29462.279667747585 0.9816176792479351 0.008222833809160106 0.7349326649731319
306.2701009803138 507.1107239902969 55.21856913691011 848.020368500916 198.50109394723154 610.6911415998693 181.1501165729008 519.3841005866088 115.25652494245853 879.2123779720414 179.61255124221205 892.8642374594854 8.183724046708846 61.41953158279384 -78.16078049519497 -95.34441377920535 171698.95379135833 29728.801959544104 1.7169895379135833 0.006484537915423502 1.5224534004508783
330.71670134172155 716.0692704456532 263.4661874629323 844.359939378424 175.46898389920293 551.8097110744097 354.01651945111496 745.3264386382425 300.50341411445214 832.5894026857613 174.24084984582677 741.4554130815088 61.04460990817347 89.2324839425631 10.64149506013841 -74.45260079362839 50406.83160086764 6219.017677116664 0.5040683160086764 0.0024115151171144765 0.4317228624952421
139.35296850056773 877.9341546186602 26.671903781129842 797.3122708226599 78.93685339319102 554.6934619099364 9.81360906496608 534.4446790044359 281.48501812787197 737.7233226100623 82.31065166955226 679.8401061992533 -94.19798343663915 1.6281971063877734 -92.57497497312667 -16.492475583172975 230189.60816092324 35979.804406673415 2.3018960816092324 0.00896836358380944 2.032845174094949
119.0572622506983 582.1853060629969 283.7962911377886 715.3524184541876 124.54917955326354 778.1374739504109 74.7506769295814 536.4896063489197 42.0491946249092 666.3091669126984 236.19333901028904 858.0023165544774 59.61023661971424 50.80899492949672 -4.6963895508527145 14.835343371242658 130971.68321074892 25379.66310506459 1.309716832107489 0.005187847997980694 1.1540813921680682
194.08929483795146 504.12895713877776 208.77573419741591 683.150760047864 297.0300469702428 523.400109431697 318.7642707491128 658.2855784861247 73.24866261100587 807.4998988862692 312.7262603237299 814.6142854920499 81.55899211010959 14.517181403717075 59.97383573824945 -12.03069344517722 100772.43823318729 23798.958947346735 1.007724382331873 0.007035747234013839 0.7966519653114578
355.2465918485646 527.2574481000927 40.75639160302498 820.5233050467331 212.54186921273327 521.9963945744827 350.7171969608679 825.6427319154866 231.34170693098667 704.0795228352487 36.97670712856134 733.9367656517013 -33.96083848729607 -49.215352034890444 47.54737402498009 -61.73045401188006 127244.15565278602 16684.74773529233 1.2724415565278602 0.009100029260095305 0.999440678725001
78.26173522903528 760.1781513968306 9.794757953600817 590.6286967664989 3.96382306236017 540.3485006381841 150.64103438378964 572.5880484861151 276.32505663092627 634.6500992533431 163.60032274980534 676.1470676140297 -44.84841061694964 -88.16280526445452 -64.613537352869 91.988676479144 37012.643245575695 4126.560330566656 0.37012643245575694 0.0015392753144354175 0.3239481730226944
251.7569970023969 706.4713064551643 217.42399629182452 660.0284493503766 282.2206087738153 630.073239010002 218.2453628614785 568.5368948654675 335.8661393355716 600.1562254702314 304.21608731172984 679.9477761085701 -11.975276860394118 91.25336258962358 36.85276047607104 -67.4242190590292 106024.67065787409 32709.47035168406 1.0602467065787409 0.012883001684957937 0.6737566560300028
290.81937624717597 733.0357860597993 316.33950149068346 657.4803970719238 167.363222916109 671.9142877170717 198.6431106673402 667.3401596377895 287.29631200916407 596.1889577653734 136.29621331036927 704.7110817284346 74.62036272532987 -97.46386633350939 -6.71262766787973 -15.744825244468359 57697.224809245316 9212.978846012891 0.5769722480924532 0.0024678687964128656 0.5029361842000672
324.3064951698266 835.3717014960807 19.67911303452908 660.9044013335246 144.15781779251438 579.567366462975 264.9595599254339 682.482554665656 77.50094007103795 507.81134667839837 2.3925974453920817 874.7441879172895 90.05209701371163 -60.678886572210054 29.552902648511434 -17.14630362452337 53215.6995848505 12423.614125510589 0.5321569958485051 0.0020242206436288396 0.4714303765396399
272.0376383604312 726.3557573081957 80.24512580364694 540.6791286831092 270.86184654604637 745.6727655421885 228.56152451608443 704.8809996777542 41.584514732213776 847.0062499849057 155.5630008406615 890.3667662907508 -17.374939379536315 0.9330900425051709 -73.3881506784943 37.57045213693567 88520.10235825625 18556.367857664536 0.8852010235825624 0.0044644857511740585 0.7512664510473406
232.73664446805617 661.4578041761436 10.707018227939717 733.084769389807 304.1585210430079 609.3667212831862 165.39383916117282 569.9848907355528 300.2503262358462 760.1142151927602 254.3744014754351 563.0555211883766 32.553111063725964 94.09355727534495 -20.29699990662641 -28.595310834669263 91855.82650351913 21625.92726052364 0.9185582650351913 0.010303326796815969 0.6094584611307123
99.95744104902103 668.1552176422031 235.58901432538028 581.0053944731906 68.64625720727967 642.3705878172898 286.80182625834965 879.6081206468236 147.53568123294437 571.3330964071059 137.39134749513366 524.1040679303286 -25.42135433457129 68.90400238371612 -78.57300132101577 98.86745514736836 137873.1373834853 28273.613251804585 1.3787313738348528 0.0010062088213822502 1.3485451091933853
306.8177786089088 571.3354304414265 197.03059979499486 706.8326403751499 248.36553144366175 702.7868386932003 92.27247220876143 734.6735799815644 241.99290520896844 543.251596663314 330.80625716303376 638.2274438541416 -57.52019246599658 -50.832225675477446 -99.63487864131233 90.91196877533508 154769.52459433977 15860.471384078775 1.5476952459433977 0.0051601098047226995 1.3928919518017167
232.143431572063 785.4314060215779 55.94256381779903 697.9436452621112 40.331444622807 609.0692608525824 320.13217329756833 704.5858447555897 54.40369414062891 614.3938406465122 319.86513893036897 683.3041382978078 -8.027403211455166 84.12859934550545 89.61404721902292 14.008543989867633 55699.63460262562 17881.70574323092 0.5569963460262563 0.0032631256080818314 0.4591025777838013
333.8622959241717 593.2568405575269 22.097350771092408 633.4862821714908 273.7969788148819 843.0210253523819 222.8030896618911 741.7908265208005 260.01152074588555 545.9315904800824 123.58748096905715 853.962371365979 -52.89350756255891 34.357137556029045 30.71513231311107 9.136421081078637 76594.09435500667 12998.493037281574 0.7659409435500668 0.0035987575942357836 0.6579782157229933
352.71026616451326 862.9921448789416 232.5899386842478 574.4425745934261 354.7662676447178 839.7900963058264 63.16241786561319 758.7936884839851 316.97562326742985 725.8261983864973 159.0871757487615 584.4262648855671 54.176734597323616 -88.67138700823443 87.16782102077076 -40.7691762039305 47227.11123675125 12430.551787420276 0.4722711123675125 0.002244266521159625 0.40494311673272376
166.16990086706014 714.6689492953066 74.87440453014014 702.0683467051987 253.64570153242175 608.900997180917 61.779254505391215 507.32240303662235 158.54088430317123 715.6422290742751 40.652840486607126 842.7677868542842 -84.09708264653383 -97.75985102050919 56.33501044462102 66.05682208486223 135697.94684460398 47514.80852302258 1.3569794684460397 0.008581752538025605 1.0995268923052715
97.79053951953165 516.4843559467213 54.3906958929591 889.3827233607597 122.97493449324206 782.2089794039622 232.93140943670642 590.4147520366893 192.69728872524487 612.1737161485626 216.9587144454998 642.0362248848544 -74.33233317081618 90.99709212750011 -59.84516812763929 -73.45751963145084 56387.237239075585 7444.102183248744 0.5638723723907558 0.0008709248093580698 0.5377446281100138
162.8085259594446 860.8565525116073 269.9067898496985 674.6752389001064 305.72773682135977 817.3243057256609 264.80666711214025 831.0963318653517 275.05854301265356 538.1962623048327 252.83480389557792 611.0212179090308 -30.68753162814562 -19.30443457802123 72.0488164088436 56.2178955858503 49720.000229915524 12326.277722720415 0.4972000022991553 0.0031094548756916696 0.4039163560284052
302.4687351309355 692.6066184093999 335.26476575268543 735.6022645322039 187.0538826047111 788.6966219187593 174.11981168461423 650.6871766524774 207.78999669137406 524.6782897987983 220.27647709145015 858.2166836348702 -53.41286564665737 78.63675559597704 -0.7500196586051544 5.436875915789031 30034.06143289301 7145.056053580084 0.3003406143289301 0.0011250933440321547 0.2665878140079655
219.8568284633186 682.104340383584 16.45373655115418 704.0594558482394 186.19790918932154 851.9355374118111 127.96170415970695 808.494325603451 305.1117667545428 741.2410261901515 88.52700523618435 726.901715904939 22.307316394339665 96.17145096474314 -18.19035173162888 13.525606906686534 85292.40628069422 11069.743484523258 0.8529240628069422 0.0027258807396121484 0.7711476406185778
208.97785315996776 853.4940701486809 108.37922708463527 635.4990828634791 85.93896903847407 838.5739364827107 73.85353029470392 823.2740336118063 22.97878405416133 538.6247092545024 313.6758785512099 635.9077093643353 -77.48574908827453 -78.33303336099945 -77.75536322040037 -39.25242747973889 276058.6672450272 68114.54019214684 2.760586672450272 0.015434177199415618 2.2975613564678032
141.01840426638242 576.4391886736564 127.13051634145747 862.7593304393538 38.06411289189995 627.3377264351313 14.463050245136998 539.4283935558137 245.34983051948777 832.7938847895887 202.3100732788786 698.6113329492573 23.175753360676026 -26.300641444586986 -37.21384959470235 0.703759559418188 61984.35809576458 18144.504642131425 0.6198435809576458 0.00439027213967983 0.4881354167672509
52.595555032162466 694.7083087187739 268.15275574315933 825.3407651249266 225.1208359267322 667.4968395828292 189.4862145746151 543.4403943369476 257.2391437743628 554.4787939021753 159.68521769795933 868.0358417460643 80.05873676090485 -4.630971683971552 -14.110142222773476 39.08679480609092 103218.77993744501 22233.714176338697 1.0321877993744502 0.0018713417489377765 0.9760475469063169
160.01960049801994 775.9068629740254 258.11988884818146 711.466448215872 167.8075470151205 513.9103113838556 58.846375124952964 642.4403320104616 191.41798612335168 862.7103866588354 69.7561057421061 616.1356871520942 -58.12227965032566 31.271564594589364 48.14261718460628 -1.261391232475546 55062.05351648034 11676.855397884663 0.5506205351648034 0.000979442125189202 0.5212372714091273
7.972881866332586 809.0877188910252 156.23696773917075 693.4454575022517 37.073645947073736 575.383305830506 216.99875703411573 588.3948396720423 58.24722613526497 745.0565965920149 230.282146565859 895.7775827392541 -63.3708035617411 -31.221744128422003 68.95938745382674 9.727071341805484 37242.93571957125 10617.241750381681 0.3724293571957125 0.004312261163992565 0.24306152227593558
129.6499473071383 590.2340700355619 315.5285365645648 755.0462300421193 16.377685096261896 577.9822228905243 309.85144095671217 527.8306652396309 183.50254556986252 845.5977410668621 62.69225794864476 726.6953671823167 -69.92494428932721 71.89107969369189 56.24007667398999 -95.55091295188124 238961.85707825905 48134.43121024123 2.3896185707825905 0.011858331204193509 2.0338686346567854
305.1317926788687 675.8142943721404 284.9741253942496 642.2068585267203 297.9299998237381 861.7739989368727 160.61943818562568 666.5910329556478 33.70373949011927 791.4461034422798 318.5145118854063 618.6475159718801 -30.959680306868307 -75.21051453824967 -99.36126475348618 -51.97027472416222 80825.38652941321 17850.478414633842 0.808253865294132 0.003681281238708238 0.6978154281328849
231.68671887419006 836.2806431800415 122.77444840524922 743.4661270532483 125.56641673721816 527.8085406874401 52.452286140013584 653.5018145482852 263.64521849373176 886.8240847222935 313.6631055599855 684.7968346099476 -24.460171647321943 -9.024234275393567 22.24191986223491 -30.826098352423642 80656.0738286146 10678.474801335833 0.8065607382861459 0.003012978982375135 0.7161713688148919
183.22953854121428 801.2289489146128 295.5385835552725 864.5862958763745 244.88836573008246 871.6231499369335 266.062857807215 578.3554959339149 129.7750745080477 855.7718768437155 138.83722318096662 627.8368283230204 81.14925110550112 92.18534934967761 -88.99129324900075 94.70233257103311 69732.1356347891 13834.652539457891 0.697321356347891 0.0036433962605358925 0.5880194685318143
292.88005659442024 758.695560417734 350.22644402016965 684.0791022463318 88.60404235933525 648.6175316491397 223.9948535060719 536.6292829915392 173.62192332359413 886.8171724754986 358.4236060077827 671.8654771231364 8.718817039622166 -45.30604190996084 62.68639788911406 -71.82364512518215 31002.54961083091 10042.130407738105 0.3100254961083091 0.0009569500200933457 0.2813169955055087
127.06532003929284 851.2982465035641 85.99647563987595 684.7083972991679 94.46724166914267 740.3727930149602 211.96575629623976 822.0016677721736 358.1371375264899 633.1927288528416 311.314676255085 872.1458950111652 -61.63131432499818 -27.016981613416505 -22.077964503303903 -93.90038584391232 65695.71440269377 11598.618381389126 0.6569571440269378 0.0017620968826948897 0.6040942375460912
155.76575425826408 869.3264652040491 238.8001861837527 889.566811711086 336.40474769280644 672.2418609071149 281.2036712006457 828.1588890633368 356.63714558522463 894.0046887693336 147.8489864099028 581.5680787396235 92.08020223778894 2.8517498701665005 41.41463606969782 -72.38359281048837 143178.83594583982 32382.9771905229 1.4317883594583982 0.0066863833761229745 1.231196858174709
352.1264971726649 874.0786600390766 279.49874449549895 798.7124699566446 162.70434616913715 549.0893990032166 67.24606848523162 527.6279132665978 85.75018947908111 586.1347196376402 225.21984690947818 770.1315197218441 2.992482441040508 70.29968079788094 -17.18497722188262 -50.26139379954495 161750.03346579435 45965.80262943406 1.6175003346579437 0.0068936479106433395 1.4106908973386436
159.84945287573896 543.7699862170485 237.46540834907185 757.7818552705005 348.3870422577284 708.3892209243268 129.6338766131548 600.9883221750434 5.725612877477744 833.0980088509862 300.3414530977374 590.2904194607385 5.521243370687003 -40.99148202129754 -7.6772261760167595 -82.99456466537502 141073.28398395286 39496.16361569421 1.4107328398395287 0.007356471366476206 1.1900386988452425
5.384448056270865 792.6120302325896 335.9410447538461 536.8097624009899 41.60582074382916 730.6074796548087 159.4823639798239 506.46258424702967 62.30744873333652 870.5188004266636 336.27860292863915 525.5504186411306 -62.437161144669126 88.02953737124042 -40.78926533756646 -66.52561042218461 33477.2053856762 3729.669600507392 0.334772053856762 0.003044127332803539 0.24344823387265585
278.2003162585756 677.0988179717475 217.95955124593658 571.0015974279686 211.01980417143133 874.540319148675 316.2403894054425 589.5101478079373 314.7901787245904 841.6646399507274 219.23464839630017 848.0754179298459 17.62570284616247 3.168416830871152 -38.57209757229276 48.77148752405421 186029.02924861675 32365.837570145846 1.8602902924861675 0.008163072344390445 1.6153981221544542
315.6291608071809 870.4255565154567 343.4028188833582 735.6916790415285 314.55077220453603 671.8844066487858 31.313683445561807 514.9463648368278 81.60861093678031 707.7716730590136 63.975332378788025 808.0627571802052 13.576584653416361 -82.46266772968326 70.07570576158119 -60.368429708518455 86267.43202712807 15641.77982443809 0.8626743202712808 0.004662040648327405 0.7228131008214587
61.788661951674065 878.2807746075207 88.02750116044533 536.5564109873741 323.221243975017 688.0858481067253 26.477746421525023 745.5345822968798 12.103390158757414 707.014830233996 343.6768006103235 717.3659150327408 51.649622112583984 39.61355229642351 -69.39308634030914 -6.531668621404947 46579.13089859556 5481.39849484854 0.4657913089859556 0.0017680039211296064 0.4127511913520674
218.56057262526178 700.9215140150782 258.0330255264203 793.9490820957471 331.13092519103105 643.9602126217517 46.372425959118175 511.9870456926455 146.0702721845307 600.8743099639098 84.84661443714062 714.8613376679871 66.38774603565014 -14.569167227482922 57.47421512513637 -85.12531149782168 52374.70111437914 19116.551229806886 0.5237470111437914 0.004675549819451885 0.38348051656023485
214.4492277919968 654.644507842898 324.1084973298551 882.026138068892 33.497502084666344 843.902956787991 122.64389650264015 809.1729070630952 23.638130081987285 732.3834087323189 203.90467406339985 687.2465055794188 31.563094123211187 53.94565349745483 68.92835176157897 -36.08056399076822 62200.253658951704 11403.333105424772 0.6220025365895171 0.004503082599909651 0.4869100585922276
249.1128876004942 851.1505912406316 122.08693421117307 537.862578088404 218.5581613748912 860.974707882609 94.89439442967961 749.6700379661993 172.6977318465076 690.3967570110365 241.06568946099227 736.8449183583774 49.91708752729272 27.858320604754724 16.072441241744386 63.592500128871876 50320.93131319201 9399.429914875049 0.5032093131319202 0.0019407335778494357 0.44498730579643714
300.98938602489824 841.2318636102085 149.1457825108935 558.460007408673 231.12005523637623 574.0931025105051 343.9356888861405 539.8076779416517 104.7299733210124 753.9555907174855 138.502923502967 780.5918760343889 -84.48381182575461 -22.75541705796151 -84.68506170952723 -73.43055081844736 102514.55173826437 22428.49089487658 1.0251455173826438 0.004930824372186453 0.8772207862170502
155.25383324329204 585.6369198826492 281.2553779790219 767.2969133523707 244.99194616996212 607.9764957209654 336.9369981420215 781.5312744244801 155.13687927170443 533.0605706783531 271.05866986145395 604.8581675281285 -52.913473718013094 -84.23654758438694 -72.21977975676516 56.819150089837564 42343.43278820564 8158.133527049558 0.4234343278820564 0.0014149068882703055 0.3809871212339473
238.5238364522647 897.4068328831916 45.850282449579936 777.5940927857578 132.24078833094342 609.6616696561633 121.42878652888939 848.8447218504556 71.57035762869447 831.8689673261462 291.1873460899967 570.2681810387546 -78.95540246797842 87.5064748264108 -85.06444430768718 -50.88277530069192 120211.35108502848 27021.101541408836 1.2021135108502847 0.004430739160914 1.0691913360228646
75.96502438019448 574.2950692736591 291.740436136966 663.2654377585063 120.73304425606783 841.8739051320588 62.03764156496062 645.5247544982668 123.45143445158551 567.8161223309762 79.35493381121867 668.7331233437955 47.71200588350504 -51.99549928533735 -70.79307451571559 -59.896237558460456 79570.09071955542 14587.225147980404 0.7957009071955542 0.0024371319983603505 0.7225869472447437
103.97446975741934 549.0008357405483 285.31305716505994 604.7026967912053 237.86744594981894 758.0601734156072 100.48381599904775 838.9780250456527 83.67271481284227 775.0114825142366 271.4481683152927 581.2531042864283 -17.851030642449615 -46.970888703614875 -7.206148166807196 -26.705449540266216 211748.2057099344 93093.97575748252 2.1174820570993442 0.017468665667715037 1.5934220870678932
31.995194551715592 714.8234576953782 344.9327224727667 691.0049703980708 79.76745411045535 816.0456979036342 250.03361941520657 828.9378370644141 93.97239013643224 539.7913626198956 206.15659603376923 823.8673350709308 -7.142678287041676 -19.96148752043831 97.14233581903414 -76.22820921656752 93070.30255191856 17227.28013801137 0.9307030255191855 0.003541260382897063 0.8244652140322736
330.7714317626421 800.6616036455068 38.00124064721171 782.094726014681 322.2053200499355 771.533886993328 169.53084205065292 858.3078794215266 161.71723335597568 744.8687573942068 235.8648179418901 720.2668215602548 -84.74399826854284 92.09646758286948 -86.41769370242802 7.199748212345398 157676.95239836152 55948.61696160104 1.576769523983615 0.015078498139100869 1.124414579810589
151.2688294795302 779.1228651819689 64.32729504521853 504.47829748171864 168.93973688032273 521.4724781708121 88.08497451495234 519.6819962504632 181.96879804806238 528.094243361226 83.3398490795637 548.1948498084726 -9.348252190227655 -13.599823637049795 27.787752464085486 -61.55726312174781 99666.47140221183 14398.814829654397 0.9966647140221182 0.0022988886988630636 0.9276980530562263
204.03883065589008 510.3517385411663 251.1263507583553 528.8075598113318 257.6189588577788 762.876426526323 142.52051075757433 548.5109884431542 109.18255170670565 612.2341009358531 77.63683046433219 532.683122466908 30.047172470608956 -86.2545303666436 14.59844525286968 23.803079418555 94427.39525447194 26349.699935198623 0.9442739525447195 0.007768729394030742 0.7112120707237972
152.65594017931264 617.205532249245 144.9551533344586 738.4381418617816 92.65049132246749 776.9408297802814 108.8450937787227 816.3431991658383 217.30389908140273 626.7453817136969 90.4123467800361 790.551298817866 -7.1801078022566 49.302949771878616 37.43225992845086 86.0643529785456 68517.12056384847 25429.64880495631 0.6851712056384847 0.0049956756377740105 0.5353009365052643
357.34726196755605 726.896478137148 43.03154276968285 581.9034999575198 47.09348518372624 886.5226575982208 311.46581097044617 785.7498961151501 81.3228614920406 502.4292785497805 138.53605976120497 734.158764037767 76.76029495318801 -81.2891842010527 62.62893070505379 -80.57624487516412 56954.82349758716 6865.307450756812 0.5695482349758716 0.003698809322901277 0.4585839552888333
149.3420779674171 724.5642635046547 314.8175139468116 532.3875241093672 153.1136387679277 878.0496920198665 276.2857260168863 661.708244050971 208.93434226251406 574.8283137329831 47.790232743028305 786.601443689693 -54.5518904228772 85.47628704448803 -81.37989767060614 33.35445841476317 86544.33415708183 11142.60894138313 0.8654433415708184 0.0022511345941936887 0.7979093037450077
12.511282234076218 850.7695064477725 184.31972666849614 602.3111601203939 139.71413330932853 892.2987249843108 333.9656042219221 658.4314052550584 234.52658691656293 660.6189824875755 15.990715527451167 862.9897585971069 15.324800534245014 43.69493326785337 -53.87553706190893 20.77815658501798 27764.47468742847 9296.713374778054 0.2776447468742847 0.0021548140816803544 0.21300032442387407
293.63290146581375 740.1271947440558 214.888690682479 828.8339351939546 313.84292491513366 857.9053798616089 294.1491808580946 646.6399661063872 69.47637577445224 708.1143154169265 4.834637996482778 826.6914040151503 -78.33450019360959 71.40365897564155 -20.944077987244427 73.97422120117403 105384.79924701952 37654.955681318985 1.0538479924701951 0.0018142359396535169 0.9994209142805897
101.74485918644655 850.8299399547573 221.2165165190343 676.8493577309381 214.5613310222361 520.6747401285131 349.35206065135395 867.2241582349354 265.2580163609596 607.7435948310634 16.63938948207808 723.8895323002055 -25.93972900802804 -8.689581500239953 -81.81593261359632 86.39368626098207 125596.72025557632 31649.196131723904 1.2559672025557633 0.005829139855988575 1.081093006876106
136.96502947006118 888.591480299041 353.05152414178866 500.8868327742884 293.44010204113124 649.1846127746097 238.11408189182052 752.5976565377839 126.04402103967716 573.8749061431085 138.00079213912716 802.1880304481767 -37.24166927341257 -19.997504586784046 76.92901525568777 61.91875136873847 147481.29036807353 24412.735638668608 1.4748129036807354 0.005540926124124629 1.3085851199569964
105.32723966017191 502.1149686188833 39.46350481657524 618.7458341216737 292.38963734850824 529.9481816368963 146.6736447991736 762.9778760189004 137.1158203835594 580.9872952666502 333.4377083243945 827.126880688864 31.553154146815643 33.5016736229974 -74.67009615285201 -54.66515627838638 57282.23854518893 10240.10999186084 0.5728223854518892 0.002040328175425287 0.5116125401891306
82.84433867078862 635.7012983759192 266.74853642711423 836.7393819028816 106.31392563563142 860.8206231768847 71.60377503279416 751.8575297998337 296.3006364609105 841.0813517685773 18.989609973144177 881.4710205238514 46.85384739873882 -98.3212105509079 -95.68724919173435 -70.19611312717915 135042.45468092305 26331.258115454482 1.3504245468092304 0.002355492901335512 1.279759759769165
192.18479039240822 627.4273117055236 100.33777616973721 809.225078929226 206.6229935358666 616.7631028937287 161.20096858936822 733.3153280755013 289.31327541221157 768.9990979032676 292.72607187835354 529.9938624441127 83.4940904762222 -6.539566288013063 70.26750939425023 -46.16659270824732 79604.5703656609 32095.363005374908 0.796045703656609 0.007210307859593374 0.5797364678688077
136.72282691072257 666.5572732372101 192.36793487135884 858.7917582754767 176.48300824583296 581.8943298932476 125.15608326497465 646.6893936599511 163.6188849820309 711.5795870825224 305.0448799614156 776.8881819608358 65.43466829860569 -1.6292063617997314 71.31432701306704 -71.07000058285317 62330.77790228177 20577.00820477252 0.6233077790228176 0.0035376369360842264 0.5171786709402908
314.44341204795836 632.9687786520827 295.1010713389208 851.6874181004576 283.7689826149988 760.7298607277914 278.97280810911275 866.7543519742828 54.73571310665551 720.6708619620993 11.539520359050863 831.4967209280991 79.08992021659546 -44.20893476260621 -24.13918057558287 -50.24441932644943 144859.67623641161 29267.160848361833 1.4485967623641163 0.004618197845033031 1.3100508270131255
296.8934411175651 739.890278770458 17.68370293740734 637.035435763438 38.06550721900653 876.7511735355866 67.76735181615676 650.5689673860467 62.636366891399334 532.6544932824993 15.051646085340348 520.1376764173316 14.45419304151396 77.94617788887157 -60.77176898391785 -20.950257924003907 50510.301574096986 10926.36967529183 0.5051030157409698 0.0022484385943452516 0.4376498579106123
197.66638722607135 845.26341613932 11.363696741661826 791.0964473016966 161.65917629462078 856.7805964825509 218.67224647592127 777.3736742735002 152.16515088334293 668.0843440256219 195.225010163533 618.3480235285065 -12.883020225079036 33.502199991636985 -16.331187474571536 -57.75638955017679 97191.03792813799 16894.33830361509 0.9719103792813798 0.004065393896746908 0.8499485623789725
101.53546345038446 698.7166442896856 193.4290399164 643.7696116754166 278.11562014844543 838.571351224804 275.3284707914744 564.6385234577638 53.24088036521351 555.1148049530254 112.52725062761148 610.5633695959305 -95.50950655251627 21.34663240151815 90.83426960098714 15.750531565987686 130319.76327475319 18033.33554753315 1.3031976327475319 0.006477080735277392 1.1088852106892102
68.8952388826385 895.3274105173366 108.89488624624491 520.4932753297275 111.25605665589146 788.9309058368713 14.82804690746741 679.0781971068927 213.24395402193477 763.5738622274703 342.9565446168501 760.1630322341707 -4.047181183065703 -37.100508608154215 -90.76623751340449 -78.66833352610685 49986.696403567475 11755.010580551729 0.49986696403567477 0.001104575716412325 0.466729692543305
349.3572032086481 567.4870106895174 164.94497232708596 575.9766677620175 0.05990724042569173 639.0814411433679 232.57691344711967 611.5730936085004 216.53988827355923 702.2731781034124 92.65597175008817 724.7372664230297 55.86712344480483 89.32892363625888 -13.605457633400619 0.8445419436608148 105845.89118029714 31727.4558054082 1.0584589118029715 0.006347818896920158 0.8680243448953667
169.8850801222993 722.6781076827311 57.14866389516109 792.3051733480007 19.084993151022623 739.756255343243 31.710674003889604 615.711060785229 146.65225174013977 887.5242764112529 290.35065641076613 798.6921725688665 43.63610486006297 23.13302615189285 74.05224473988613 -92.23694017697773 43419.509637927214 9105.06842086665 0.43419509637927217 0.0015157033076882319 0.3887239971486252
27.937972718801795 706.4499824326838 104.43344245483796 581.7520069897104 177.7951554959628 809.6866216372573 158.85409037097415 563.0116110558281 301.75590017019806 589.7095600259829 227.03665023627772 550.2042161465206 62.43349159834207 -61.82144177691173 73.40437951847608 -63.87880497841763 79268.57272712553 24885.38472011552 0.7926857272712553 0.006828225508709715 0.5878389620099639
207.6797264288909 593.6590081291818 204.96893917574025 638.8229551001543 156.0798222474042 770.5452664914703 217.4382684396574 797.7466504606152 327.816760250153 809.9127897417263 78.29386478305365 523.3702114006483 -0.18775347106117124 -35.45604623045352 10.786332658316681 -79.31638815628833 70023.38936907693 19226.351958353203 0.7002338936907694 0.006300045450055051 0.5112325301891179
101.0636567605942 815.0707346067804 75.88749052224881 621.3491848714306 167.86960122183388 834.3029085711337 130.14515888623197 697.7263444623234 91.16090886432464 735.6677658210662 300.91876343476457 672.0591383402143 32.65633085749889 -53.18769303143183 -32.95257219648306 -21.66029652909498 90753.91231181048 17545.331008903933 0.9075391231181048 0.0020402719797932493 0.8463309637243073
282.8763311153204 523.8722356324091 206.97833566297774 764.0615624255094 331.22455609376266 838.7396849313895 274.63933780044994 823.5864567232112 38.903390245077915 804.7024102397464 127.96549988671421 691.796030658359 -55.758588688191814 42.45840427948298 -21.45200778838428 11.606519630634125 141604.54282043336 48459.62177081366 1.4160454282043335 0.010205781554578706 1.1098719815669724
190.5144842744159 766.6593467583441 353.5900654227576 882.4699123292673 305.0114461417338 686.5885424604606 205.74966905137825 868.0736508959542 279.16102197287245 608.2984867764626 141.1686797119502 811.822294992068 -11.071646037940596 -58.66939030521816 -64.84968640993534 18.995854283288182 33128.55240301787 9484.11476530865 0.33128552403017875 0.0028700513354655965 0.24518398396621086
356.9090402291222 673.923890013054 248.93595823752125 565.9121850244377 289.62375400404443 827.7580423712686 52.78863194721602 584.8761193430211 95.2204940311724 780.576468176768 92.7290959047129 639.1008697405402 -79.80625090777383 90.24318238525532 -87.81941606544305 -49.01193421461569 200757.89728172493 49879.546284305936 2.0075789728172495 0.01330745418071843 1.6083553473956966
129.43894681610917 595.0286627469854 302.1084027782794 773.0829310890724 62.232171508672685 589.2109244137786 83.69129496268687 607.1085315077206 311.6380993477343 893.5493298372403 150.1336104042655 509.51881367897926 81.54290254428273 62.32554330255081 -69.00200291848562 98.74898929901482 114991.95627170839 21835.079153694198 1.149919562717084 0.0057285884966433494 0.9780619078177835
261.3517248732412 675.6172153949033 248.98378708604255 807.3070756798415 344.5642481523569 823.6912976837423 258.79154976623727 512.1275222187346 284.2916003264257 842.8022825917694 3.9284252829694344 642.5365893348068 62.5163700267469 -82.50988580174909 -34.396904573013316 72.1357663867523 85779.41401239549 19774.64592590618 0.8577941401239549 0.004088027264198945 0.7351533221979866
170.37179662324155 560.2229633029102 0.26749742472895743 678.5419208535201 138.23871922779608 600.791523921316 237.72798626708888 845.6311943710762 45.27504683659972 828.9630601811259 266.5024669768579 590.0832824017201 83.79011066585883 73.73110494637947 -37.62993031360673 -17.61164734632301 85629.58682415227 21651.57304824341 0.8562958682415226 0.0029818967071315776 0.7668389670275753
69.81804882402567 756.8877679210444 285.16530141193687 894.1679205117248 289.618261475285 835.4535064914987 212.45384199562065 637.3136053398725 29.32117604207688 579.5644697440391 337.45934917508777 552.1599657625967 -27.00478978655528 97.42877478676942 -14.259538891463848 94.47733717451803 66816.14952838217 12294.373832782763 0.6681614952838216 0.0008454233924839511 0.6427987935093031
305.7796408603416 630.8549664270004 287.8437370347555 895.081101382287 156.1649059676525 873.1116248548527 195.8885939522095 867.4998582751216 93.48331112214672 597.0476184169834 291.0997991857956 514.6165394874777 -44.094295033654454 87.25925209044729 -25.922738500425453 -97.25865431758922 55765.554047232064 8237.947838212323 0.5576555404723206 0.0026908940879869963 0.4769287178327107
118.97788373691144 791.9527527265114 193.15970210617851 559.1291023042161 67.69113327114026 597.1422260708874 309.0199193967925 780.6292188617118 128.31842071867757 551.3883324886049 284.83791100007875 697.6862079483576 -94.98553643054153 3.348526264611877 -60.22621506896857 15.55979873855027 127573.0045423743 26760.788723130667 1.275730045423743 0.006424359773197366 1.082999252227822
97.07180790876285 730.601684795521 202.2874365392157 808.2399087066367 121.23466882950456 719.7468187976376 340.9276518234194 528.9797527639371 175.18864227934495 766.8654950516311 70.3105870487446 615.7334295617665 12.19050825316262 -99.38775497399293 -73.26251093489518 -69.5773559880248 91418.54018394367 16747.786585128484 0.9141854018394366 0.0015751146751438038 0.8669319615851225
137.88308443458791 807.0486962802934 7.98818668736522 530.7290327039955 355.8204535188121 515.0344847234421 317.06166812247085 505.2013798241259 344.73867533509645 569.0452798770007 307.52003500556793 750.6565098257707 -42.67166504704092 30.057440940645563 29.744617460264237 23.613880043709656 48551.676459641654 11937.149222900645 0.4855167645964165 0.0029819959731887456 0.3960568854007541
95.38942672091234 834.2727851734322 23.916386091984748 837.7771378177115 45.77746916216629 666.1079205547181 261.11161677750545 531.1516351888118 38.39545764871937 598.308244160267 297.40723420996403 844.583297488499 12.73845671446665 74.82100966835588 -7.261629077783738 -81.81654485346736 109966.0306182649 18372.276021408692 1.099660306182649 0.0022615375634629517 1.0318141792787605
153.4385310022992 575.8071298767883 301.2522006800312 841.1682883847961 46.77556288108726 850.3405947490618 55.932480269735336 528.3510197245383 342.475814036058 651.7291442042147 241.98398346067924 898.5241224015339 94.32860661616553 32.137256703448344 -7.851651607413771 58.703526396607316 46986.53496043247 6431.881996496753 0.4698653496043247 0.0013283874530510113 0.43001372601279436
303.83781947541365 508.59217643997783 70.8800697182122 713.454919962011 314.7736817487621 880.7675091238991 327.8632701618217 872.0169310300239 286.85064417904056 848.845861283951 57.590928352353934 752.9730377995359 81.14749442265529 -1.575225188408936 70.36612460200956 -69.94820035261309 209267.24453067445 57329.39865382614 2.0926724453067442 0.010106363595094085 1.7894815374539217
299.1356338731249 536.3894890382504 181.0255991012706 794.6860010811583 126.43805098718954 881.1707640929346 192.05230853188007 657.389157552247 221.56844057330457 616.5992343582208 222.48107221988104 586.37772701405 55.35653250152791 -93.24233302882814 18.835028654360215 12.377704134354033 53924.71354504303 7265.644151300313 0.5392471354504303 0.001708027158471823 0.48800632069627564
27.5778254654006 708.8001026896154 235.66158294484245 694.3153154706068 232.62572849201894 829.6678693429891 255.04087070388252 770.0882559452655 78.26374079476179 627.0574184563609 328.3156034724105 591.5347103969391 65.30820516538796 -52.365031443607116 -40.902508017545046 -46.47089851745383 57864.83667242585 11923.634035907748 0.5786483667242585 0.0037795702369817713 0.4652612596148053
254.836659769614 822.8614931136769 336.3972332369902 713.4346209903103 45.116328800986395 854.4610944180504 327.00048317239964 785.7559117012155 320.18437853258854 599.257635394287 225.28837374792374 746.6755630093035 -34.86254266934104 41.50453729544864 -57.968155702371014 35.32398069183529 83156.23010293815 11459.857300998417 0.8315623010293814 0.005630928496274942 0.6626344461411332
114.11700166474586 893.8000517068481 184.63238587414338 568.9385044248176 142.2060474913142 552.4173271614147 22.795399602075644 860.7402092116947 225.7712138123007 593.1246658049236 276.7641586055245 823.321662220568 -62.00427856959245 -73.26631506797531 93.3419430453954 39.41950062792563 95015.86904325841 14735.66353851139 0.950158690432584 0.002858540526668488 0.8644024746325294
178.28525372187943 512.4200014183408 76.4229338534464 509.9648509234355 30.703479662652818 691.1682615453398 300.2455363968446 855.6955800609462 1.3500457426571533 586.6311526247567 160.07355382728798 552.9589355813584 61.715833452058604 -3.500851108208664 27.010933004616618 21.725570625104893 61554.44136371406 11989.91341117453 0.6155444136371406 0.0010287841239651153 0.5846808899181871
142.2472206376149 551.8962958967854 295.0992541460065 616.2013732977175 197.46684876010906 674.6907869006524 24.726658208715804 564.4993188611912 6.228728205692939 755.3247740845943 278.99428657213883 612.8430153128452 20.073202308449197 6.128057869132647 19.86616168572499 79.21370047704985 217830.39164723578 55228.669924155576 2.1783039164723577 0.008658051389011599 1.9185623748020098
84.09969994038109 830.3525374057098 141.89723897248638 733.1192656892166 229.34155812621523 890.8250684499071 222.13382891868073 668.3199838065271 84.3595807662035 631.6484201520998 354.56147097546494 572.5759316335185 -40.31853999254431 -2.546229721199552 -32.26157301258384 -84.48945301234063 46166.05073411461 13696.403614736104 0.4616605073411461 0.0006463068359428661 0.44227130226286016
357.719805861339 743.6667013637527 265.50243901658837 576.7015263677313 77.58420800321186 879.3987728746629 157.33728609354034 635.7673862262309 175.5396281586972 799.8518756468003 312.0236831350863 754.8374259058866 -38.348002739661766 65.17817741888857 -71.85216399686661 95.79240548637523 84407.60685202647 8694.546826972462 0.8440760685202646 0.0038008031138762324 0.7300519751039777
67.72874292368539 870.2502573991881 48.9225272282887 542.8410425564604 105.88861008812283 885.8073559514435 52.837002648637934 805.2690824723113 80.22828539337934 839.564583533926 31.253314067379453 809.2672836889819 -85.81137034014506 37.618850472008205 -25.27667975779309 -0.29632840156719453 75697.7776484366 23955.26929754317 0.7569777764843659 0.00404857695517661 0.6355204678290677
143.735401771448 642.5574092730825 99.28166698444493 513.0223860408945 303.5130163280275 879.6321380037143 155.1034382656791 532.2599263631761 317.74757806766246 657.6771335753401 40.06219297699329 564.8154966568359 -49.70413511306584 -66.56923809448745 -72.00839875809713 98.67213950046582 80897.98196042921 10530.651718966308 0.8089798196042922 0.004343687527704131 0.6786691937731683
318.8316677830296 531.1021555287666 118.92258440837635 707.6885296008353 308.31944770809565 619.3550214057487 94.71237094913702 898.6496323158565 54.630144624021256 552.3969504807585 342.9251766693243 841.3598980276192 80.26912588666283 -94.2134760324879 52.83507858343961 51.35313251800247 68189.43438017147 11613.96861045077 0.6818943438017147 0.00256174625633167 0.6050419561117646
146.1648319663845 708.5200579384309 67.4501445531116 519.735560815424 20.885289717567346 836.8875910607279 355.9072375620523 821.3464058908008 300.59581925769317 743.6532379984084 249.4611200660912 745.0670753767499 8.569590017253503 -6.906221955991171 26.082146706628137 58.82382198449665 129453.24717251488 17863.50026333825 1.2945324717251487 0.0036134849544430824 1.1861279230918562
271.14979696632224 569.0463528955208 354.29224107337154 825.0396296316926 278.4208708927605 828.3391130439292 22.222566909107396 592.3128398099435 149.0764781245531 885.9723137863746 308.67441755137514 628.6174240045709 -43.78864157807265 87.51239104836662 -70.6039101095898 -58.18329266484208 57428.50876637895 12848.929843142645 0.5742850876637896 0.0016892191234686132 0.5236085139597312
286.2185940003259 663.3653198900304 284.4797809289377 621.7296474504446 84.4543893731267 542.0862458400902 70.34446481388156 560.3733176438899 47.323550682970534 550.132813459416 214.36559640274018 558.7319713238279 -20.37726808486366 -55.28153717555349 -76.30943400643596 -91.02648631935469 50922.77791744805 14705.75520787532 0.5092277791744805 0.001259256467584327 0.47145008514695064
341.66555195802977 736.388563096612 21.24910058409445 697.2576345512797 190.89049705153954 754.0667267146837 216.55010318460796 660.37547506538 116.87895449468859 683.2160114123154 208.38075412180794 873.9119050010238 -44.76056089488365 -55.276893624322376 20.5199656438175 -79.05366541214865 60590.516351534454 12491.11617351778 0.6059051635153445 0.0022440489509267126 0.5385836949875431
242.27528100034306 668.3370384460209 227.59922601025946 811.2499849891528 211.20475015449523 736.2853854687049 95.60345629871323 787.5727146900058 185.91731490811662 721.1693925039368 211.66306808280487 720.9782253824476 -54.855483423338725 -98.97006496674227 4.448258886185144 85.17685608953536 41398.89370457771 7805.788636187283 0.4139889370457771 0.0017211988242780804 0.3623529723174347
229.07367322385326 774.6255172576128 280.4162255200046 854.0704189910945 99.15649524306372 656.6112424981227 232.3042950535858 707.63050714802 81.42025232629436 769.7788729577401 212.7210043766013 811.5608174930461 -77.34500579300921 41.51837390394883 55.73832433134692 -94.91685505494681 57195.02662236417 8124.757493761798 0.5719502662236416 0.0031766026628966748 0.4766521863367414
303.3025579340656 670.9998195441334 136.92563645609414 705.4565241463653 185.10916502157525 512.844683526236 300.716011562572 740.0178355840428 111.82098599431686 737.5052679406001 197.58461635264402 616.0529556410557 -28.899899829598198 -60.36165657512527 62.074511714736616 -31.34070667405284 132123.12352781242 47573.11489040626 1.3212312352781244 0.005236429245005201 1.1641383579279683
285.6130746931742 896.3817810258253 310.4939394373598 720.9820450056008 160.9846224185706 848.4829769742857 5.228050949553573 501.6523589857015 302.7881994749207 778.9407291698938 47.12530947641451 801.754099741496 -57.64844836574709 85.25188497241291 66.54421271122158 49.647190936490176 64068.49238434267 10249.951598347156 0.6406849238434267 0.006434562198850444 0.44764805787791334
89.47136302191018 750.1343376971336 233.23679145299994 540.5848073276461 173.76355004291392 841.8526151157462 158.17268318604292 609.4752007177635 25.220485861010097 820.2344845775394 256.368531658899 859.0877169239855 -83.95625913892191 -29.996171191294934 76.88642127342357 53.0103347018682 155975.2071651958 41051.60576632801 1.5597520716519582 0.006153773646864191 1.3751388622460325
311.4805556822961 675.9984559309474 34.50944240530209 778.4315738119883 172.26329180754828 535.3046290053284 220.27909494687302 625.7375993052709 59.96857556131882 783.8763501874619 83.8336006863581 665.7610710301244 -99.73265117814918 -42.98883399315403 -14.580886920583282 -67.70387024380946 114671.39187711348 33297.07519543105 1.1467139187711348 0.013435917860543014 0.7436363829548445
241.15760890130056 575.9825257306394 14.22388072302816 667.0733494128806 41.76772812485521 685.8990486703951 63.84068623246473 557.7518499811797 215.6492778199967 615.855672360908 256.8159379968829 856.9355909614567 -9.91185128899042 44.27921458459656 98.73803957950287 -58.70740243746013 109276.11419186057 21457.557263167768 1.0927611419186056 0.003276187883349348 0.9944755054181251
248.56827369616434 620.2699965770278 337.84104053846875 862.4414546927826 35.95798328249985 557.7158935381439 49.12779482599572 650.8824943688326 31.203119049642606 691.7791427376251 137.11580736831564 687.5860679040006 64.15967072920964 -35.479910719388116 -4.447284057651586 60.63232590663438 33928.11710746868 9357.841825584808 0.3392811710746868 0.0014342300620106886 0.29625426921436615
69.17020591824465 625.7741687980931 23.036251882470435 871.6695503298633 11.991847786336391 540.2383506268875 273.6050411867143 784.2641735305858 348.81124181485364 836.7304020626073 40.543861766992265 756.2800407295467 -58.268780276427435 -80.09643096791027 -35.244929208459965 -66.53085997737719 77784.57588233927 19919.840484774097 0.7778457588233927 0.00282062806428116 0.6932269168949579
148.18422010978853 792.3193693934097 133.14586351009692 610.4118130784996 192.41713736313588 661.8436388573633 195.47534596967458 523.6037879300787 57.30790341860026 749.4448958945146 203.60882527466032 703.347937050486 -85.58427346290702 -15.677108295974222 40.42651162071681 69.84808724695725 128633.27653965924 20572.298857987153 1.2863327653965926 0.008965888019521988 1.017356124810933
208.66219825885233 535.5501515187543 123.09460475223494 891.752535488589 196.42123541499367 694.049217041781 35.22184126457712 842.3150769033118 267.9701337277887 567.5722590933517 345.6381973819024 855.2460219092894 98.63752595137296 -31.27873604876865 85.6180425814309 79.92886176645749 60533.8929211322 8916.083825414857 0.605338929211322 0.003044535982797361 0.5140028497274012
305.55325760270586 619.7443255821164 143.46311269905323 505.4017763623289 221.3955534648732 720.0214393351908 26.89052239762518 698.2741015888771 167.41855856526757 683.4020315036921 94.46955554987788 711.0100642436873 -70.457449373016 26.469112137525713 -65.32196665943135 31.091745718050504 54866.705433618445 6846.826970547219 0.5486670543361845 0.004733852305081778 0.4066514851837311
310.6542438638571 600.3314978721567 309.74343430692295 539.939498593091 4.913107924343114 709.2135053656037 300.96385887411606 899.2220820687762 215.80807544146975 603.9362114465498 322.6186249016089 611.9671983253119 -29.801362174071414 20.503456249328565 -4.095363342401484 59.72696709570499 34768.88364054487 10310.261779366654 0.3476888364054486 0.0009264125075246377 0.3198964611797095
302.6838424294893 563.7755775359726 338.53218185205327 866.9525866696038 75.76079978951353 543.9568010722605 286.34599549586017 810.0751787752758 132.84388223733757 585.1420950645676 294.30941195651707 829.7631246096144 -9.160123813960325 58.63901217600315 -5.388391975974358 81.92443976752992 43577.0007309103 13669.705931394783 0.43577000730910304 0.0022105523708323234 0.36945343618413334
60.840051767805534 588.6431425180442 259.87246435405467 645.8888292434219 276.8942158991353 541.3600665425622 261.07971794849846 576.4783653850213 326.4647821019097 532.1722033341553 221.01444529801154 792.621919586983 93.62868916895849 32.318692111039496 -17.83226748065219 -56.41022009738408 145425.663537133 24327.353161258616 1.4542566353713298 0.006623479924689793 1.255552237630636
24.839294492986333 571.5671553528272 132.1827319257136 657.7412115721274 31.96607842115759 844.9394749646779 11.612727898433501 618.9987029227309 83.22112768640817 741.5785549774171 58.228193569561746 652.5793802440677 24.057828300173597 11.215735374507858 -88.83991218900272 79.96702856386665 119032.24092527371 40067.087486281074 1.1903224092527371 0.00941998007581131 0.9077230069783978
219.60920681319084 517.9937145756751 154.0322675157274 558.6833246070856 83.82659461159996 628.5021560773491 244.55368763026416 856.8828953332079 190.00295183020867 801.0421993876419 286.738496750704 759.2835329153631 -69.11863181175772 46.74961672750371 -69.2969079513887 19.380860003001658 121831.42301225831 22636.144105820724 1.218314230122583 0.006611733626377766 1.01996222133125
238.42529736337696 702.5424473577939 99.76154308916999 709.6877086204295 163.72493942380257 757.7206556613644 33.12026325626458 657.9759537737651 118.68026494584598 874.4736645028581 93.52554734538128 672.3209796289914 -57.86023838112821 37.618900226723156 58.41897872851462 -58.31588285828497 104115.46869917276 21138.482352700932 1.0411546869917276 0.002952832879072718 0.9525697006195462
227.9492039928045 592.929889521178 303.6444226908422 885.3491757199483 325.94587415909984 578.6323375151259 84.80030249412269 518.1411994358976 188.4575915780581 868.8177224548142 288.5472706184089 754.9260222850069 -44.98970653158034 -55.1304180582201 -32.037492641829985 16.410961501761918 92002.85543867039 35429.8579652714 0.9200285543867038 0.007076515385220355 0.7077330928300932
253.56082590552722 708.3996643287945 279.9878426073267 653.7240024117227 74.88605626385832 573.0020613439659 85.83372536049123 738.9617186389337 256.8599824494321 828.5260214603495 178.83377297256845 683.9570276830252 -61.12733379877218 -18.146695650781936 -8.803795916131605 87.90911962098386 59164.26027885719 17303.471069286803 0.5916426027885718 0.0016153442367821938 0.543182275685106
298.52852666975275 887.3659107914661 298.1339208869594 672.4677279158932 10.267749694423255 727.7137524034154 289.7025452690729 880.4582154991613 265.0305308676297 544.343871599597 202.9288551866182 664.0236129369462 -52.667890525618844 24.286123090264738 67.17373553009068 70.74264414010679 75208.05087930133 9215.19642322853 0.7520805087930132 0.0019419663275073822 0.6938215189677918
243.52246620362962 533.7334062255244 310.4317917323627 573.6354897513489 79.89038235761713 665.9903462249517 98.57694070697877 832.4349562614444 107.57587478060147 778.3743198145579 243.30883561336435 767.208624625646 -47.438047785172486 72.6675672394997 99.923652644063 -39.20808599077048 74829.99350032101 25563.094184498874 0.7482999350032101 0.004897323084037738 0.601380242482078
314.2598961105177 623.4661382252926 108.44839395703502 550.2595804132853 235.7341006044925 775.574570129967 55.913239704657194 897.5989842870101 313.93352221415785 546.8689496424996 182.9525783182681 776.1933620842506 -43.644905009655986 65.01443843550499 27.45470415835554 21.46755007018035 72963.51603241924 22008.82563673481 0.7296351603241924 0.001004032910215051 0.6995141730177409
288.0674948787545 614.9152518412304 43.91065965461466 748.6681263685798 45.989032835782176 736.2073558618986 153.18661521317208 526.958950382116 236.45136235863492 655.350227835967 1.9041952803339868 603.7542643834335 -32.1164558699316 -47.25103008428822 24.937748737867693 95.12623329276718 103585.7285139532 17456.926999631054 1.035857285139532 0.002484080867652626 0.9613348591099532
80.40576368042835 583.5642313988519 267.169916969259 841.1640791555765 292.1520086752195 611.5615433835843 237.9027302554901 717.8156104803961 83.25927994916597 777.1077540279243 175.11953547002045 802.6498192945148 2.7790152562785977 -89.27607822604583 -77.70049351299961 -97.20387992364903 52479.898479489755 12272.05251182494 0.5247989847948976 0.002719534890360439 0.44321293808408446
109.58720822217728 706.2163185892716 100.13229687033335 556.3180696657475 116.49388640460738 652.728737014962 160.16724321293623 526.4172544387419 251.90200512587919 839.0058035041907 285.39781170461805 880.3112649597409 55.65710006689659 -74.2030068503442 -67.91609957102511 -29.229976611534013 80072.73544624947 19860.05925208789 0.8007273544624948 0.006725019920156829 0.59897675685779
93.06458424044055 696.8429775281434 44.10485190461286 889.7733314920843 261.52576215519866 736.6055022061366 342.59916986895496 572.9922176068069 66.49164657481327 764.8856303196039 265.83929387646447 881.2910882793333 15.483132943728165 -69.67490666538902 -38.08056164277727 16.617691821910725 70692.24922528256 15172.50389493713 0.7069224922528257 0.004336500722200963 0.5768274705867967
263.40726728508764 520.203300197831 275.7674654064799 819.5166888833697 335.40710677594564 817.6336842270641 150.8220728903832 688.7929678322116 179.91811677172672 747.9901253903877 1.5494801550709392 561.8896483495213 -66.639028262447 2.2092509309400015 69.85117881529175 61.36083207043205 65319.8269999584 20675.183188258394 0.653198269999584 0.0023724401905021444 0.5820250642845196
111.67057968518121 633.1290316486545 148.70424656518472 554.2679113682019 264.10708675923263 735.7117677216731 218.18190198934096 596.2283440974765 251.8779633262547 877.2439253542896 266.41292479646137 836.0753245955008 -7.589115978635164 -61.38845077719826 -20.910547656999086 84.56315662192318 85244.59851531372 26045.6759242144 0.8524459851531372 0.0060471465421369636 0.6710315888890283
17.133018920393145 546.2934025318257 29.06103789611858 751.6319019028447 271.66542016431384 585.9767228289406 158.57940039484689 510.1537818672389 352.0498137407402 670.5677644576024 103.36876136827567 507.9582141763941 63.1903699514705 93.72510840891499 47.96322722396596 92.11654557342814 35246.71002490528 6349.015214269355 0.3524671002490528 0.0019439075313193075 0.2941498743094736
340.8604943145185 760.5644228119236 349.162609581378 566.165604841645 184.93577811843423 680.2436913668158 71.11179853322378 535.5464444485448 64.5492557749119 520.4694310439106 189.9622565926622 668.6130739099162 -99.24921232864887 -11.175648033709649 50.1603588746128 -6.955712785207396 45678.23002668235 12091.18949425565 0.45678230026682354 0.0023731022580037587 0.3855892325267108
20.165484854245964 841.6421004094686 25.69257527781563 578.1448454983504 99.59118724538452 525.4674976713566 351.5814527328481 796.5088680874755 300.2798257012413 826.0050649761426 236.5278412995744 855.1661699325464 32.337741960813986 -98.26200223315857 1.4950264687445696 -60.51894593067255 26807.425200911417 4970.482709037576 0.26807425200911417 0.0010980224366183967 0.23513357891056227
277.70740198289207 810.4257118752178 331.01066414593674 760.8669628511425 228.155666899796 596.956458184327 300.52052729918967 803.2255259103573 174.56100384038018 896.1812562870801 78.60749961599444 854.3914002180923 85.05544626198511 -42.612997701104824 45.16567116107797 8.334065138344755 50927.36703425932 11202.163016406195 0.5092736703425932 0.0016154984466179897 0.4608087169440535
51.628242995512565 821.3103457110944 328.52232359952757 516.9409064109994 351.0422882779544 854.7091842466403 332.03609085958266 715.4840683030227 149.31967763754727 638.0940278332423 158.56335296508416 665.5622454575744 76.13989446792007 -48.29185507316043 -26.571761057522636 -91.4019443036945 119693.61280802637 22300.73823963452 1.1969361280802637 0.005301346480905215 1.0378957336531074
98.06160379589373 838.7640126472053 72.26288836062923 653.0211274121893 356.1193083773588 662.8164052482896 101.70971212397347 805.4616320033789 17.571698651127633 815.1860769570492 308.7300770337038 852.6458082516178 71.29020852071457 -37.284649467181396 -29.988977537268298 -91.55694871245363 64269.60575601756 8512.886052150285 0.6426960575601757 0.003333490767343555 0.5426913345398691
315.55617021331767 800.8123678874997 115.7675909357412 638.4921632340048 317.91814411106435 631.7319676964951 152.8072120845712 705.5680451186972 79.20051121782507 775.6073038649763 197.8461738369815 863.7796923386243 -30.329630733121178 -60.71851684848537 95.75004949215585 -89.78562899592934 83456.76899190944 28166.256640334424 0.8345676899190944 0.0025339274323597847 0.7585498669483008
332.2128572325382 835.5918755449918 349.1975112399251 792.3201071266378 46.03521705323861 554.1681724374425 91.15352995959745 873.8798010843119 312.8306353100824 865.3505924265414 92.17180971617182 893.0882466340848 -37.25168063861619 64.47512886254603 -0.27315347141308166 98.28107543305592 44691.66356041095 16130.428978566757 0.4469166356041095 0.001407466796484448 0.40469263170957603
58.113514078115415 534.7980674669054 155.20030692759462 783.7357382894793 119.4817421597854 620.5934442859299 294.6652224701054 655.1570750621439 231.49866736145208 785.5143272110877 187.87283608010375 641.7401327179175 -1.8126202894460448 -7.033269999447327 -61.97951941122246 -13.85320279579878 35391.13754380553 6477.497740306611 0.3539113754380553 0.001380192653173521 0.31250559584284965
165.8357849146458 792.0242481057257 217.55025407701382 607.9959697796726 59.558036686635056 666.4033937957688 256.9315779471753 724.9003556832298 40.785345983639544 755.636413610664 107.19706708658715 777.6180383980698 -64.78263589757253 -28.793564916833404 -1.3255422092946674 48.944935768745154 40643.82733786053 10700.077042006315 0.40643827337860533 0.001987686003706677 0.346807693267405
79.00748696019521 561.5848341590322 6.4475059574030835 881.3714259512931 304.53148615937096 737.9191094589385 189.77179541123007 680.1988719027836 290.57004492475977 708.4527133229562 5.349709604003587 603.2839002411665 5.393185046809762 -68.21286509768115 45.7269108341674 -27.084511976607843 33466.19171772213 12663.91156617498 0.3346619171772213 0.0025831839599260377 0.2571663983794402
194.60702940868362 696.5886643860686 196.75360056243423 570.8424079483243 67.66229102849609 894.968165259534 216.00750444907698 596.3784779156074 252.23980538428665 895.855156679201 244.31511387522818 650.3619359596546 -5.997300269581785 72.60167393138897 -22.610059076550357 -94.57921114115359 50434.72048350502 18442.09624856857 0.5043472048350501 0.005273915130217967 0.3461297509285111
117.73739977525216 691.5184229665787 218.74265017891105 630.0202791209623 94.73464108567198 726.6940801887305 207.0723255401721 833.037723088758 56.60828361406142 825.0228713805022 177.6708184730158 810.4511106777815 61.911747092981386 99.20032567791091 3.98316941277146 29967.230998720683 11855.724701070923 0.29967230998720684 0.0021786375377251437 0.23431318385545252
192.59322156422414 841.779258819727 137.40749413775717 765.8388718389024 296.44450578509964 679.1146939987744 83.36855467026385 709.3879644169285 272.6550253200234 506.6758113753574 192.03083573947734 845.5336337833991 -68.43330313829134 -43.60900534053473 -94.6622147374406 251872.22084542166 46286.31191404773 2.518722208454217 0.011184442010237583 2.183188948147089
139.30659340065574 873.3682657924999 23.77095888241396 802.8517599981913 73.3820635105435 559.6462153530949 2.9854323902921003 532.4367034574536 280.2886059616013 736.397621790828 75.99434987208969 686.8300084206712 -93.76692192793905 1.2695823959978827 -92.62237300447397 143508.1489564294 20900.72867529224 1.4350814895642938 0.008055859782040825 1.193405696103069
133.82230432536699 813.0447848034851 231.5775322985177 712.0831871121475 5.288260389731567 533.9797935519401 46.928203667218455 537.8514024744754 238.4972080383879 705.1021817948439 92.16608834523517 684.2001969727778 -87.0518488056698 19.715624367866866 -24.62481731988919 90145.91574920819 20266.64516366531 0.9014591574920818 0.002574308743846539 0.8242298951766857
14.167882781511455 871.868149003179 58.45875671972344 519.435297342093 132.66721719363255 829.03281222907 0.41845699142704085 545.372948860955 270.1488897847284 715.6928662011283 43.536610036087886 740.7565731484327 18.579978314577346 86.34105469291555 -14.481631492065532 145290.12589987108 22646.466592556135 1.452901258998711 0.006043593022072824 1.2715934683365262
130.79275627240273 877.8485048440356 32.58645539459682 793.8134084288614 83.50092256440381 560.6148164334944 13.779285729400861 533.3784703841022 277.8707506420995 747.5437899395038 91.83650560976166 687.1506132811619 -93.73808233339889 1.4830792132193897 -92.87014349356872 245588.951469407 47823.56619093081 2.45588951469407 0.006899342044243051 2.2489092533667785
212.83086066242382 855.2591966265963 116.28037892921948 635.4839721373013 84.29522458899235 830.7520631914972 76.46076441973537 829.8755511909577 32.85281904199261 542.388517921364 322.49747156784645 638.992801362713 -77.97846311444968 -78.7469428582038 -78.19942568979863 78316.71990713962 16878.909605020148 0.7831671990713962 0.0012921354682490513 0.7444031350239246
237.21165783100213 879.7583596282805 160.9238748035961 767.8524007244104 183.22579410883156 830.8595121212364 85.91992083860086 735.1065773987445 194.45013097883032 670.1731781613838 312.7779370886427 873.4090070531197 46.7414644414403 -43.618432759861946 -33.79112297771897 74640.01177919816 10289.264575271734 0.7464001177919816 0.0050627071578284635 0.5945189030571276
192.63522616673143 857.5161032601459 59.994530374729095 788.4501682431314 251.7740880143766 769.1182964888303 49.79719585423543 706.2043497908102 154.45010764403358 505.66721615677307 226.72627764602404 818.6746679172117 -83.61876170532965 49.29409941344491 -84.89856218073928 70862.91211018579 14002.651158374654 0.7086291211018579 0.0029374158410411817 0.6205066458706225
194.37900957349135 844.6673631928169 137.94198144278263 770.5000614801509 278.85835473961384 664.2186078478521 75.36794024877133 721.4808283166458 265.1765664574365 510.53609617515843 181.91767718368874 842.4069318745386 -69.15526432800308 -43.665959068955615 -94.6742918959844 206493.42974141682 39883.95554714572 2.0649342974141685 0.009031161660767192 1.7939994475911527
0.6001474693658837 879.5923617653174 51.63931908240152 541.1647548664049 156.0106875286155 869.1727783364744 118.63987741488695 581.9531546796135 253.28344617871005 810.7379662112523 250.65375772457145 736.3893994250286 19.31133647783444 38.482226905386824 -18.553942142547392 167462.0596362263 33095.151749357836 1.674620596362263 0.010993058419458131 1.344828843778519
133.4023223686219 873.415085316294 30.39903362737801 793.6028993675003 79.98487856736305 546.3831185835951 14.602255856668807 537.1207919622619 273.7722865075211 740.6648607054384 90.57912696258308 678.4354070377506 -94.31377602723316 1.8040839128114443 -92.79990364411748 159325.01443625218 30308.94567474285 1.5932501443625218 0.005996713821722606 1.4133487297108436
148.7982245747478 875.7696384180068 29.41776000055746 795.811835167543 76.2727921526748 561.3570737723944 15.087853549914232 543.1559509792012 272.58150909698907 727.98237038258 78.52877545013237 688.3993953875475 -93.84423412569105 1.3786606966239385 -92.91339740341284 214260.3907047851 52525.8215585027 2.142603907047851 0.006532823107858119 1.9466192138121072
171.53232246139274 790.2121669762515 123.24326389846955 803.0180196823885 259.454313462116 594.8264125399936 11.559950039466003 554.5150835094729 278.8138575880951 666.4755250023617 201.53659483885232 780.2074838495693 -63.514852890524985 -37.481479372841456 -90.25124154918916 82828.23012695681 19196.103160042945 0.8282823012695681 0.0039680356403533675 0.7092412320589672
182.9750074643258 857.1985758026567 94.66816746719816 776.634764504247 46.519815245252104 736.9944888581947 69.8449818678797 825.73282516536 114.25878931413322 610.1877629422145 207.03846708441705 653.546593929643 -85.18920023737171 -33.95283312089484 -82.99223940966178 103420.52512140287 14141.326746699098 1.0342052512140287 0.007354856987108477 0.8135595416007744
198.88922353714025 850.449897115398 136.46875145783733 755.5340314435892 277.85246385356845 670.6969473305355 76.25555476262238 721.4660156958125 265.8627592757786 508.8101314708488 175.70086603242308 837.6423696672233 -68.86056606763734 -43.719765934480996 -94.6282246063223 165444.54646242553 30120.37157272964 1.6544454646242552 0.012225477890581248 1.2876811279068179
147.60245126539158 879.0740240989104 27.293431274590816 798.87363578003 86.48423525189173 564.2016114930901 12.329693821363447 539.8335418315565 273.4025867585567 727.9099205597978 89.18543209029667 688.8462324352789 -93.77042370993085 1.915366500681611 -92.62820610825784 146628.49374163095 24177.551890872168 1.4662849374163096 0.005533997897584087 1.300265000488787
177.10062711093573 782.7350153681139 46.81701447215096 688.4118056125253 98.16317820134121 620.7340141369117 84.14240491611116 614.2342363616743 238.72247180892012 541.6126568899522 115.61525078387771 843.0771850820614 -80.67410318028972 8.564024508763595 -84.80178246940118 147153.7071652107 28334.111522744315 1.4715370716521072 0.006874469226788666 1.2653029948484473
221.67983308566812 859.118928642288 172.86092006908683 653.8425663094586 296.7045148742735 663.1702162776983 204.2443219972278 836.0099094772793 107.21961206135009 638.4592645264922 295.09907544154584 623.0279174024441 -91.91925952522243 55.80144885212374 -73.61934045593992 124469.51390129319 37682.62241812879 1.244695139012932 0.015283692401514769 0.7861843669674888
149.1371645915819 869.4044990837822 35.27641984798552 791.3415324586066 86.11221682182871 560.3195392674442 18.57559196168118 544.3767484828472 282.6130913335972 733.6940622163916 89.34812231231285 675.8201528292899 -93.70947241978953 1.5844024194876776 -92.21845441374776 230060.17961039487 79459.6018175463 2.300601796103949 0.006355839890796176 2.1099265993800635
148.42484842386466 876.8173001959273 36.06912636084785 789.6595793253941 80.12120364435178 559.8303073411091 6.762718837972816 532.8734513118096 272.453043833667 729.3124722110995 91.84465433827485 688.8954477029182 -93.76724924542465 1.9148005351216968 -92.66271990245095 145017.85960512227 24790.48063302004 1.4501785960512226 0.008432030484150501 1.1972176815267075
148.70802674059678 868.8425040799667 35.76597331971601 790.7467670897692 86.96672326370914 563.8521469217856 19.042683594317165 544.1460668356029 277.74054293867243 736.493262090481 76.41789805481383 679.9581702617512 -94.65916137901957 1.150654031493091 -92.3952105927739 124918.50443276114 18595.046910715704 1.2491850443276113 0.005365172027463381 1.0882298835037099
149.34433412326075 876.2226140824068 30.552709554830315 788.9433559166035 81.66914258151891 564.053851357119 2.738002525813757 541.0528447572489 272.23539419364016 733.8036014944057 83.43457645959259 688.6512521617833 -93.86143130754895 1.8330227373328336 -92.73096652737675 156560.2887372313 39044.53575719321 1.5656028873723131 0.005859308999239907 1.389823617395116
186.44284212468236 883.0178905183886 78.94419499538554 800.9268114313505 119.31858354683492 653.225554724979 47.55432183213405 704.029267810238 293.10179806893126 637.5701595363607 111.54449319377211 706.3949936542895 -90.15626109548222 -26.059983280448677 -97.09799492225306 235137.14173268512 44341.15654368102 2.351371417326851 0.006637078735344007 2.152259055266531
212.18950355117929 842.7938332776746 91.59328933013794 636.8339102994418 153.6672124831521 818.8316544692989 0.04273869078085912 616.1020362131533 63.94999777083755 526.3726810288592 274.21446260785586 685.710722428279 -77.43063202483063 3.964593812912895 -89.42479092042095 60919.19512533318 17454.1740963552 0.6091919512533317 0.0042892247985873875 0.48051520729571007
197.35983748006936 844.2573091274372 136.45240467456156 758.882976042987 278.0921450093197 675.1574761436025 76.70477073808169 717.8918542731362 265.31938404553495 505.9984883826972 189.65632056772424 833.9079550456203 -69.06673232263223 -43.00887417338002 -94.7255088962591 42517.01415538458 9444.673221389958 0.4251701415538458 0.0022609250166201185 0.35734239105524224
197.13041884776402 859.0760189365909 136.45563167863497 756.3438255012992 291.06344566216023 681.5922532307234 75.85224720710113 723.1207142584838 269.3859335986579 511.01778340442587 192.35809671834897 833.0448428362366 -69.10494666293275 -43.44464682778901 -94.12345297863129 215816.75635323467 41834.80698362126 2.1581675635323467 0.009629495441440658 1.869282700289127
190.9462830568268 890.5169997931603 113.62856853789853 690.3475407459265 314.3025490796516 629.924063450603 78.29801502361795 795.7601961578368 140.04074193532344 820.7154149532041 145.9179544133465 729.4082430222329 -55.90796686570654 -44.25753880611275 -81.94135629552702 82120.14239603851 9942.916864938734 0.8212014239603851 0.004142424928720183 0.6969286760987796
187.79650968873113 850.5661046211453 223.91198420149993 602.2896591300232 56.28519782884534 728.2229033619835 92.12433357267082 813.649333460512 37.253840530681444 609.0083107925401 291.7534518591068 809.7600577402375 -88.75097128667836 11.585438568432494 -92.39575517861913 184837.5195751408 33430.127857307336 1.8483751957514079 0.017122124310396933 1.3347114664395
191.1049495566506 846.6790592814034 137.229969442087 758.2070335495486 279.49196377093307 663.7730362345329 75.90968818477421 722.8755743570556 265.5725527938879 502.6571487990513 187.1218640669985 834.2653537992659 -69.01445918280552 -42.88139564097003 -94.0518875075684 118541.84675105388 25417.296088693496 1.1854184675105388 0.007591558221684116 0.9576717208600153
148.42114394479276 877.9908711088925 29.993203867583862 796.0327012945049 84.85440623062601 564.6676762853847 11.800519275192897 537.24156694833 273.17076273185677 730.7749538223707 90.14455288973618 688.9037468763681 -93.70378341172237 1.5822566616139926 -92.22828201599087 176225.97458966234 30204.543780616856 1.7622597458966234 0.012512638585297386 1.3868805883377018
148.8105911649046 869.0089500197023 35.795831939118514 798.8666019374268 85.39982875266678 547.8258857160928 16.379605103668684 542.6370049756364 271.9498307278269 728.9303313619123 90.98313537916675 680.8405213231517 -94.15969835484398 1.2454961731177225 -92.91350832181939 239353.83689040903 34374.49098851886 2.3935383689040903 0.010322858218194777 2.083852622358247
148.775454446504 875.0042761184765 30.794788467467853 791.509299780568 73.7138733135581 561.8551502632096 3.564377037468807 537.6893229968982 273.2724582104531 734.4234471179396 91.04683833534921 689.0404335445623 -93.80985822497487 1.5463775053774138 -93.00208393931526 165239.22203566006 23600.40939288887 1.6523922203566006 0.006451641812304305 1.4588429659874715
197.68568586019072 792.136860387149 69.72754359539026 778.6754129034815 218.2510368245719 643.7572852556094 24.581649449324445 629.1967447023551 344.85853760598 552.0376117566692 348.4061892911989 827.65503565849 -84.29829300326183 -23.34897961469882 -98.96803020978324 51791.14053470404 10646.929069715628 0.5179114053470404 0.003132381609693695 0.42393995705622955
204.10942753755006 864.8663334360041 48.871353216091116 817.5501500429161 299.5422740053784 709.7050817845184 32.15764848770953 883.0504122125901 147.76217076205342 595.6982028532701 256.3236610532428 748.5011270257937 -75.37256225716379 -23.31031958057146 -85.43609750986876 113656.77587108966 32071.268467649057 1.1365677587108967 0.005808483249023422 0.962313261240194
205.047889992057 858.6596198357229 137.1935694919105 754.77659666799 293.69339337752746 674.4711744377071 75.44532291877013 715.2939341803792 264.9820237201522 504.1538919976656 173.84202678339733 835.3089306316222 -69.1419437566372 -43.17177513324252 -94.13562165671604 162078.01478970668 19253.051327334055 1.620780147897067 0.00908665715147239 1.3481804333528953
196.95902836534933 856.2897254387248 137.011776591688 755.5578479147746 294.87225781653444 682.4334183633003 75.63055629353897 720.3444836300798 269.33079708859236 512.6418384647205 190.87202299905232 833.3118894019195 -68.87333880951039 -43.2258376870802 -94.30888220955475 196144.94510328956 34293.01556323447 1.9614494510328955 0.013142280655412918 1.567181031370508
247.8526144948149 837.6766811255648 156.3916234133693 781.8377371654107 49.79352671350394 725.1072917269342 16.599448456447533 863.0608868643669 141.90645638504134 650.2428012226786 215.27013093757753 819.9661080865304 -78.29773836526289 -40.134709761652466 -37.377989118103095 74480.15723173377 15013.350734134041 0.7448015723173378 0.008029008880223582 0.5039313059106303
234.524570914936 887.4770567541411 29.45894585810625 530.0490103534663 19.940081663111425 616.2808238415464 83.28614573512738 620.1036924320592 184.49729554553397 573.2712100366696 272.67525208540536 660.3637003566063 -83.29333858298389 -48.00937254930357 -83.87742231929182 189799.31720492447 23801.83936262258 1.8979931720492447 0.004789213989462391 1.7543167523653729
149.2395449173901 871.040025280899 34.073327834457466 801.9192151891439 83.61425602208436 563.6773594019364 19.51299604729985 539.023014475096 274.5553288900949 737.7574908587922 88.16002445335471 680.9035439766365 -94.01407099146067 1.2035529695892768 -93.0592511237565 202309.87320559396 60941.506514120476 2.0230987320559395 0.014936199178657709 1.5750127566962082
201.5321882127345 860.5349974328831 137.68580876271196 768.32161722371 296.0187139215809 681.6285377631511 76.93006619583862 722.9604839730413 272.0519806090523 505.71190512277275 190.8182288104485 833.1304157415487 -69.11171008428086 -43.700942275356454 -93.82657222206845 259192.84426741433 44893.77432160951 2.5919284426741434 0.011260140277000313 2.254124234364134
149.25126674067712 870.2933249742646 34.54497920949488 788.6461902775698 88.62689376147449 562.2473034499661 17.58676647092254 530.1768005179089 271.58328170933044 732.5740817579256 90.22406407148983 670.5926213864485 -93.76049026898673 1.7124801715267859 -93.00310771503963 77893.97588139723 18487.00695779168 0.7789397588139724 0.004739136102362278 0.636765675743104
203.32472217944067 857.3132914440791 138.5391279959913 756.2427417672097 280.4034719459062 681.9364038333171 75.63566013214006 704.844454950687 277.48447450095404 506.57265207058185 191.1064917133555 833.5749448824679 -69.12779046218817 -43.2751878183299 -93.81234541957264 193712.65276519195 38959.80662317889 1.9371265276519196 0.012982257981406979 1.5476587882097101
186.5894856018461 894.9253983752981 118.09716242336525 741.4598340450328 241.90494013619977 685.7340718165739 48.97562366781901 801.8265319197933 198.01139721044566 510.03716385561444 300.1750205869862 559.387193927047 -82.53716870790603 -36.353637607430066 -94.09207813868532 106692.85229878055 19442.92041017836 1.0669285229878056 0.0018127511120311394 1.0125459896268714
214.81504105484814 869.4234642873711 141.59945054236485 810.1245342038167 235.1411726025761 703.2839692728191 87.71835191301109 612.0042274518491 57.01798302621466 656.4660189959283 254.5577179910428 734.5755604110825 -79.30059010338948 -88.48643977773393 -95.01101191756882 73066.15020767826 14055.596338075533 0.7306615020767826 0.0038057346442968883 0.616489462747876
149.19567028422279 876.2699018903639 31.828860505156864 788.7613578570624 82.99447685596184 564.403893232486 17.343368705354777 541.7095064050748 274.6712732393273 730.4009324743569 90.45619462179725 688.9169494162782 -94.05130881078041 1.9046874526841162 -92.93463683001279 250458.5800743627 36257.28583505997 2.5045858007436266 0.007820882377692037 2.2699593294128655
208.18346280646816 858.4685425084866 137.32957850755946 766.7491255449348 278.52032738676735 682.4743373356812 76.06828588205411 714.325979036261 278.66986608570016 506.65494901646497 190.49527687001063 835.2647512707449 -68.97488267286673 -43.538982133673706 -94.5777542349454 223324.20781914963 45859.95327954003 2.233242078191496 0.007905029510011707 1.996091192891145
217.39544411177047 742.1613324844043 247.02204629862905 684.9149469909671 209.80391362684833 777.5051288990971 14.983205352736288 687.0675157309639 153.2242031965553 510.73664542044054 289.2238163920609 800.3100930113992 -50.750643021525185 -46.610964985355366 -89.3577320467456 102051.36225759432 20508.794782409845 1.020513622575943 0.0057415804621661105 0.8482662087109597
192.91868549156638 853.8516652555402 221.08641512712205 759.5194997334158 166.10678862242972 846.3204224890447 87.14619847526697 872.0048619084807 130.5721941933083 517.0304002582111 266.0285929718853 639.4202467430945 -74.4489065353647 24.281376741101326 -67.32163429898199 54702.10736354348 13545.632017658472 0.5470210736354347 0.0051326595443053034 0.39304128730627563
148.84039031208334 878.789953421005 33.65367333649973 797.8627766729899 81.24241244023493 563.997191415582 14.93636474308274 544.1829431450645 273.5603799330343 728.6766504286859 91.10128745418615 673.9279529043881 -94.22748012883518 1.6164768681245778 -92.55589165590057 252761.26323303432 41469.63189824246 2.527612632330343 0.007662711099922778 2.2977312993326597
205.15104473744879 858.0208041235635 138.74507614917295 754.701863601174 278.410584082501 679.3590979710499 76.20843197701045 720.5158283079386 279.2212356331257 507.3286794728714 191.75162716517215 836.8551754271828 -69.13820643612783 -43.521932013883365 -94.17112524246139 217579.01357634203 31745.510646740902 2.17579013576342 0.0066898742803675965 1.9750939073523923
149.00935703570255 870.7322839191397 34.96709173826925 790.6296896643761 81.49405319570842 562.0358291306376 19.120394312363775 532.4733483524167 275.14798943028933 729.8279034155184 91.37332819028083 687.2383491533461 -94.32455748441822 1.3274692272907547 -92.46070730216782 264747.00385030214 62322.23502775517 2.647470038503022 0.0033775057335303535 2.5461448664971114
200.87341541325262 858.5924296100212 136.42788892968926 758.317267604037 277.9385766063792 669.4735700515778 75.65435793560124 716.7307550089283 267.48378023629806 511.6343833533299 191.82991019876073 836.1852843121954 -69.14618980654606 -43.803345300432504 -94.44608208053616 255879.40203693134 50204.796704579894 2.558794020369313 0.021455354364439565 1.9151333894361262
176.2596799571694 868.2712930973937 311.15764090851457 837.4833320202001 128.74104026800865 646.6862143649562 46.353197021779444 735.2025701450984 224.0507079464103 645.0147715104536 145.71742147829355 885.6081315617273 -86.55665348409673 0.05343800253878328 4.989135708333862 21609.752558947224 6362.762542448748 0.21609752558947223 0.0013737577449594665 0.17488479324068823
209.07720065957753 863.8442353351838 110.54950785298703 839.0030818319802 208.6975143721553 682.2081387852309 55.33522559579309 621.4726251923661 176.45602174620248 511.2555073846164 144.3477043133895 887.3979828683248 -78.0264256303491 9.997350289595403 -95.18245231836022 191551.55441264462 34202.48173504631 1.9155155441264462 0.002536815134423831 1.8394110900937313
148.59447405432297 879.4840031315553 29.99818609404378 788.6700963508974 86.17807206141843 564.6365016195429 19.596907155411436 535.5588601847487 282.10432638813296 733.1906543890756 91.5864399295418 688.351621088499 -94.18398301402591 1.3614265223870285 -93.06349590261988 143347.62875496552 23264.99862354371 1.4334762875496554 0.006229693878354703 1.2465854711990143
202.50260826219665 860.374156064029 137.95104153135827 769.2773613393051 280.2617569129431 677.6439478967105 76.10106823634432 710.1887469865459 270.6594768256501 505.2805199989553 185.18662579750588 833.1346473411809 -69.15521381487261 -43.06929524817066 -93.97566405237697 217298.31467507908 34507.76329542194 2.1729831467507905 0.009787951330548083 1.879344606834348
188.56772746574177 833.4158784347574 153.46765721298632 697.6662614188272 42.75408671431109 698.1234543993385 66.34763745601157 564.3961279999113 198.14074590099082 788.3858287342189 151.85150443306821 840.0034949599494 -77.65179130115274 25.627560531092882 -87.3415970167668 40873.69866026101 6301.091117598181 0.4087369866026101 0.0006409010221850361 0.389509955937059
149.2713118799063 875.0385665961318 17.677030382283988 792.1907569730414 85.78624459833175 555.4302124196099 11.678984680658093 536.9549467611811 284.5470666712812 731.0291207143939 91.93823688786581 686.8428802089138 -94.03387682557063 1.4754108251620224 -92.12961906630741 131329.59970584375 26150.496733765256 1.3132959970584375 0.004532627965064356 1.1773171581065067
208.42155958132685 856.1605649926096 140.0791860010866 755.254451384929 277.7944586736816 681.2294353668015 75.8922297153708 721.5348937712956 267.6697596968448 503.8353165595723 189.58791741979178 833.5638107218617 -69.02380829693954 -43.38388923443034 -94.55429334826397 338864.5904329187 58861.53870812821 3.388645904329187 0.015406785281158169 2.9264423458944417
149.00288351705058 883.5114768288145 20.930103458693694 793.7115408852351 85.66960822874891 561.9592341994384 16.462883125040392 544.2208377051975 271.9931383994249 729.0635647435856 91.79162299293942 689.5611750160325 -94.01276674456147 1.3506956225735531 -92.59583582400062 185152.07585356306 44942.54748653735 1.8515207585356304 0.00849353086565187 1.5967148325660743
207.9391783966965 861.1736689803026 136.44264267217943 773.0901297228374 281.91015188705103 679.2549326185629 75.90985810858443 715.2773125542438 265.74640042689 501.2031949007019 191.33669704153317 836.407375597797 -68.98649416806622 -43.44496390463987 -94.09455581316816 161045.1039115538 31421.361823580028 1.610451039115538 0.0068178668818109096 1.4059150326612107
191.71892276550705 810.9009632330316 125.73259561975875 836.6859252247355 329.90790929144913 623.1674463826208 67.08610116602313 686.4838481144466 251.70237221055274 593.4605334469283 202.3780734204968 738.6674313675462 -68.18883400545099 -23.95291651225338 -96.69467036399905 95204.4869090743 21591.797124352164 0.9520448690907429 0.007125515327367891 0.7382794092697063
208.82749125042855 848.5875987741986 131.88547996119772 605.6054466201439 102.74055799051445 780.86405544819 36.07592975238117 841.8150802154948 196.38134223273735 635.6871698668048 210.25299547692185 733.5981058979917 -90.83770609871664 38.27361730471753 -89.6073415563682 97955.2780341354 10960.442624860718 0.979552780341354 0.0037496840948048477 0.8670622574972086
149.12913687746487 882.549179911035 35.12221862314477 804.1009692053086 88.66629633637842 564.4811395445 15.160744708963412 541.5419821469229 272.73720109634365 728.9385550458724 90.93096232942173 678.5922921362716 -94.34877562164242 1.7603965390461414 -92.88043851948571 102421.15670846144 32152.56879231086 1.0242115670846144 0.006386483584609268 0.8326170595463362
200.92296966974104 861.2668817869592 138.33608922968642 765.6241506769588 278.8457824241429 681.0730449331835 76.43470947197402 708.3823351583625 273.6188937865244 503.6682250242914 190.9111961818307 833.1482718513255 -69.02924234476723 -43.2039996848723 -94.36083473742673 275237.8819111253 39912.30008460337 2.7523788191112533 0.015339684298960881 2.292188290142427
188.03899197110752 844.829884701225 270.9539605625099 757.5061464789467 247.47646442389356 587.2728877178679 41.604593054745955 553.7723304224069 255.57876725871324 713.1997366465106 237.8952588762511 730.0162764343212 -89.55337269399179 -46.29044672538294 -39.24028288080593 77986.28314812123 17745.19763271684 0.7798628314812124 0.006354248279207049 0.5892353831050009
197.65969948112848 819.2481366974378 59.883802736742766 762.9969283250853 79.57772596013724 700.7883599526356 100.23158673400425 808.9555282761339 240.93863470476148 646.595012598333 187.0959078737152 712.2809855390213 -91.20661968839708 -1.0636684819723143 -92.70495224352851 127836.37616604383 50984.050438009006 1.2783637616604382 0.008485949865294237 1.023785265701611
148.21435690933424 884.7125377027696 28.648806013700653 796.3656949319777 87.78184867722254 564.4706364383359 17.97424362657798 535.7850947872033 279.7628479084599 729.4375868536379 92.07782969602546 685.4354055299109 -94.31921728225547 1.3488243232116948 -92.25104919360693 178282.385027142 27904.24113494839 1.7828238502714202 0.008333156583072543 1.532829152779244
205.82489821909704 852.5760532565006 136.2283858333863 756.1335312913077 278.3980032103331 681.8786130829607 77.02589741060817 718.9271096795684 268.4617035462237 504.53300304641976 192.2253180566983 835.6501507130472 -69.15225773489134 -43.72891033364671 -94.36595915712451 114628.58733087585 24133.234508024907 1.1462858733087584 0.0077505279579907615 0.9137700345690356
149.1193364535842 875.7470511307771 24.986059738611466 789.8274777764271 88.71207704492483 552.6378851915101 10.970554842384441 533.4379926355604 281.9614680601765 728.88101720959 91.59230232857162 688.0114273120621 -94.01623567845719 1.3584719711757605 -92.32983731210314 134279.14045797806 21000.01143791284 1.3427914045797806 0.009417253414503734 1.0602738021446685
202.45569828284314 860.95094587407 138.0228601027316 763.5727212771875 280.12205316240545 680.8304262848616 76.19138138287792 713.4713206293479 268.1049780730997 509.9161440232203 188.99807067021146 833.711895970635 -69.03014253386097 -43.37176244366606 -94.448413393402 160295.28680648995 40477.72868433909 1.6029528680648997 0.00862595792394821 1.3441741303464534
180.06031975519934 864.8522587945029 269.32388792377793 658.712999179914 214.07208559314307 795.9545876395898 24.741419714816995 849.4933474932988 290.54781463755484 711.6232367808503 106.57597654708607 592.4764871008372 -82.33268897374268 -12.411379286718471 66.44033848014394 58794.10365437729 19089.565727201967 0.5879410365437728 0.004781271723308024 0.44450288484453215
221.8428340360798 843.6947974657292 119.44950807549328 781.4839564237561 168.24661125204187 729.8458066956664 73.80341564236534 790.4052111776077 214.40658813528609 530.5112615193547 217.78431117988833 815.6221729300096 -72.11616880488305 89.55217651582925 -93.23460512612824 153953.57497265798 47570.382162360875 1.5395357497265798 0.006423767456226984 1.3468227260397703
149.22666497981112 870.6973005413664 25.499324220629788 805.1264189849973 83.22399912838932 546.573010295614 14.694594768001267 542.3421541861975 285.24282601398176 728.8716961309615 92.06122510306105 684.1732475911042 -93.9323058937859 1.1996411771338185 -92.56902485600129 153217.55975904013 25745.0710568329 1.5321755975904012 0.00585185177473891 1.356620044348234
204.3572655407385 860.3614500814703 136.3398199313906 769.1994952442482 281.117079229223 680.1117197062117 75.65445754081807 709.9243539512647 270.7976284603866 505.2054168140873 191.62361149463726 839.1894639283951 -68.93984711921053 -42.95157540061421 -94.74735941956844 169673.99715674276 57596.48998913982 1.6967399715674276 0.009662824703843586 1.40685523045212
164.0417573410317 876.9412121351006 298.1735722015641 558.5996241113207 113.70521658582214 751.6984619273828 58.50789568024328 799.2932241309474 223.89291115717987 549.2128939902252 156.09856910269932 644.858017098851 -88.24407605139344 -50.41347801445055 -75.13746370068009 46212.498640667814 8242.31218600336 0.4621249864066781 0.0012769846525343739 0.42381544683064687
157.09021096837898 845.2785006924148 164.47683275318684 767.220081160291 281.48533150821123 764.0776994518438 23.321350803061343 588.614713752154 188.20878230461463 736.797749881355 201.6565493632706 797.1449900134098 -64.54118153753197 7.362734952192071 -78.93747157407957 39679.41622370158 9053.625639397207 0.39679416223701575 0.0013344463250264285 0.3567607724862229
148.55191535918524 873.7844787790051 18.369758679841688 799.5197366110243 83.23354665600903 564.2772955538079 18.725336567382325 541.6253873315383 278.4984364128283 733.6274205274091 91.67984251335446 686.2624136842622 -93.77936647689643 1.5353377490088018 -92.99552788313643 162308.5858331338 36612.81315091928 1.623085858331338 0.005193935734238687 1.4672677863041772
205.0285658333554 859.0750116508773 136.52871725711879 761.6318072416361 284.12883942828154 679.0101260274454 77.6085330131409 721.2192368446422 264.94338862590433 506.9985226051352 192.09836550492565 834.8340642673494 -69.0042582919559 -43.46290413990396 -93.86123527243714 163198.98213847892 31837.12966843819 1.6319898213847892 0.008291826878745098 1.3832350150224362
194.01619589473012 857.9218820538505 153.79196424921213 766.6986403951366 287.90590771806865 662.7150563218563 75.83408198319167 706.7805192505297 272.0093303706071 512.8183535118826 173.08251568097907 836.6629229906379 -69.0819811665279 -43.36372540742547 -94.74396426853643 222403.14523438134 49975.522864211125 2.2240314523438136 0.01741597057979525 1.7015523349499562
123.09958829351227 580.8985975658427 321.9863182864358 746.7373491639394 17.0993044010293 579.532310986356 302.56759232476696 534.797625107775 188.09005620976782 846.9613363540271 54.97536797151893 736.4222605816234 -69.7600593280255 71.52940119591803 56.71897370835591 151163.66615810644 33272.814622651305 1.5116366615810644 0.007164157242531257 1.2967119443051267
139.11178530184162 872.6819158329156 22.019035299719587 794.7494277040757 71.52087927768812 563.5094867659651 15.19832920400513 535.4218326630812 279.26846791211494 739.2777700570552 79.49957460544593 686.6856487644403 -94.44018414570019 1.564103911577286 -92.27585128445355 145433.99719109293 27142.166785991456 1.4543399719109293 0.008175858161227924 1.2090642270740917
54.875182184979764 528.7653327033812 338.16295111941196 693.5477688595157 10.852873213870161 611.5670274118293 337.1444494437807 520.6150057045386 198.22722020156493 885.7268896108312 24.559464159058088 787.7138623226234 -63.03004610414116 69.59141229981077 42.9038968266743 53162.99849656303 14518.515398580119 0.5316299849656303 0.0019960599938448204 0.4717481851502857
214.7695482150446 852.7022114396939 84.06190281388196 654.4268938765945 82.14270890009779 888.0854260571002 83.34924157637738 751.4815078122207 0.8073026653004733 544.987111517877 251.6658476247549 629.1377995752484 -64.33356979696158 4.234183220050937 -72.2697870119563 107151.1679764321 28700.076865145074 1.071511679764321 0.005775326817971533 0.8982518752251749
199.60841244381945 848.4234121722302 99.28414397306709 639.5624202702237 88.69226315470482 841.2257715158853 67.90492227566456 831.3308708178811 28.348212349886776 548.5298858837147 304.1611018486446 630.0915748281095 -77.23669568410456 -78.70992936205998 -78.20433578808796 51659.759380641364 12895.80714523717 0.5165975938064137 0.0028747726126832226 0.430354415425917
138.90861152812934 878.8769114138997 27.337802089754447 795.3478918644672 85.81209183914815 555.2155705288924 10.082631917647767 539.8937305998022 279.68141788246083 732.8832876065168 81.77059429227137 684.0698086693878 -93.97451169412382 1.5574873391424566 -92.50069156922667 169707.8312521798 46501.77420230696 1.6970783125217979 0.0076616656719900025 1.4672283423620978
186.23171260380687 689.2609512921537 243.4451258671436 552.0582354451116 278.8275646818893 772.5542167955659 69.01654917355788 611.4885275570848 179.8664324145826 528.6910459879466 228.42598549903568 813.8898131203217 -82.53463339975877 43.57329098014402 -94.537185015745 159519.33021649954 30515.680994443195 1.5951933021649956 0.004559450091920024 1.4584097994073948
99.15667680217283 877.8097587046682 137.17210559247584 735.109758219606 128.25602373072883 626.2292534555542 48.96395696265442 571.0137171412722 292.67455133420594 642.1090147501836 116.01428768590988 663.1638419204598 -76.13654336038346 -51.43864303403187 -69.7247978513961 91884.14334325797 13541.607502443012 0.9188414334325796 0.004339526627294705 0.7886556346137384
120.09268544651086 582.2390315713731 321.5945273975348 759.0677569373953 16.32342868649348 572.9667862278695 309.25435242756146 518.0165822140641 179.28555126698765 855.2194675826917 58.77657607975386 722.25167732256 -69.51039271834294 71.47375227868106 56.63708902040405 139367.9515485248 34498.029625336545 1.3936795154852482 0.008309141356028168 1.1444052748044031
141.33519914184762 877.8918627601348 28.325519858640572 798.55336038731 86.34603734055841 557.0778595436109 10.452540408904852 539.043672643298 283.0867642254214 736.1822390871778 83.65409407454428 676.8032924011972 -94.11424405776168 2.0897379766368243 -92.89299474455945 147966.4353831502 21157.28581161452 1.4796643538315022 0.011060471310060604 1.147850214529684
209.91919919429395 857.6114961151501 141.4552174759004 758.1716833390583 285.97234579531187 672.0322769614598 80.55047592735002 707.1965920990075 272.194895107283 501.2106611972358 190.3467827252488 850.4963933917727 -68.19027994206058 -43.69635151725392 -94.70312201884366 216402.80233472082 33473.45959296177 2.1640280233472082 0.004453004945728175 2.030437874975363
3.1845945566963687 879.0311894068404 51.68160205746443 546.995798464367 156.7836912707299 863.8748772644399 128.86042492998948 585.5702767353707 254.50414773194234 810.0729907120001 246.8441009113067 745.1576208577645 19.720215111625357 38.808008986703136 -18.526291188687836 92425.08381883193 19497.815070908873 0.9242508381883193 0.006730846750862535 0.7223254356624433
156.3697388233045 798.6952353353781 91.89778642936291 631.7163577581393 84.7112367460046 751.9197830533224 131.2692291999048 678.6050412435903 20.57776710360531 530.9260300192892 304.1336277064346 561.2886429728768 -2.5291788417239474 39.65213585917857 -80.78434963698129 283750.5441230646 68416.38783622232 2.837505441230646 0.010701084009944219 2.5164729209323196
200.4388249472282 845.612979455097 179.318320141204 740.8559606145334 28.495256851400896 686.1063537941061 46.19218873157674 683.6909745348487 266.90791397916576 523.3856385434946 118.1986876785274 794.2752119850538 -66.60784122729612 2.5644960684635123 -87.48359036452547 118740.75510548793 20284.483425472612 1.1874075510548794 0.0008981587560502944 1.1604627883733705
3.573243932458687 885.6406971387379 44.7366475589516 542.5082713065614 148.9108614690274 870.0253964600602 124.9871346097445 579.6207248620133 261.01922557594224 814.7484814028512 252.94468463275825 741.6990809381948 19.940162181095747 38.60464075011335 -19.304967893850787 79954.92995793477 18207.3040251847 0.7995492995793476 0.005103694230600522 0.6464384726613319
199.33540167664188 852.5918883332661 145.08615820520788 767.630879409895 282.8448419866285 673.6059865120689 85.46499851655642 713.6428598609277 275.6841926473736 501.8619653505839 179.73219677564333 842.561860233864 -68.68896203414921 -43.57736762941932 -94.05080326495312 274645.02422250586 40164.68290550142 2.746450242225059 0.014547817155637978 2.3100157275559194
181.29953707660573 751.5186377901715 146.06906690560425 740.5032244324293 273.93719858590157 653.4687290349902 183.63318605898078 776.5322715651818 252.07145294147148 674.3522229385483 188.82995283727448 801.2376982127068 -54.21438308427774 5.305373733872415 -91.31643096274689 97896.03006733369 31488.197513498933 0.9789603006733368 0.00842435542398016 0.726229637953932
190.63820923797948 864.3443617659135 192.82703216218118 749.1331379834085 256.2530114235832 595.7428642011982 81.06115451259205 689.232667798889 274.27307711193504 539.3995802286423 177.8156270862072 748.2309196889689 -58.97085470084381 44.64795343200683 -93.45477857404225 106948.45073449312 26432.836097549454 1.0694845073449313 0.00298288850515376 0.9799978521903185
0.11038632626150235 887.278171960521 45.52711177792392 542.4218103038131 147.28793482389418 867.3918885646906 118.56544831295719 579.5069016867661 262.05918727408914 804.8969288783162 250.94635237850204 752.6960562609756 19.670840858819652 37.83248390440295 -18.609327495364248 157579.4026593135 32160.991870292753 1.575794026593135 0.009075468365348326 1.3035299756326852
139.22011985060263 877.3167811118724 26.59637678408758 801.7245434004114 80.08785162638615 555.7712682394125 10.540637967540636 537.1931621701536 280.53377757177225 731.640944826553 83.59296484354064 677.7107637970087 -94.36952889220916 1.9772593758982002 -92.92730165670746 286161.5272297087 46667.551457822774 2.861615272297087 0.01519589061260166 2.4057385539190372
210.27917158608642 848.1720802558287 138.11721016460325 773.5654638998044 285.33748340904134 670.3520753801942 83.1400341294985 705.1084630233125 281.57485207696175 500.14536709923124 188.94364442081564 847.5719683916037 -69.02609035571113 -42.82138273470186 -94.32972428050887 89166.88422958614 20316.403126468114 0.8916688422958613 0.0012707310794350865 0.8535469099128087
140.35012905328784 877.301626338561 27.44299425293342 802.0728452547504 82.81685118854517 555.4974098658727 9.673775427693457 534.9665896869307 282.77421745627566 736.2144463779193 84.64633601982554 679.72965301117 -93.96702662745139 1.5542622612319512 -92.42376322886476 217130.04071293244 35659.61736955331 2.1713004071293245 0.009634299299231144 1.8822714281523902
127.14172475459905 536.3204416242854 177.69795126615375 659.1086305359361 14.291580343673136 578.1482883036912 275.3465895328686 535.6784943025524 118.6467541636557 848.2601816657481 22.63981326062787 726.350010361778 0.07277045925242476 -17.417351525339583 42.75438051556716 46721.81132341493 9903.502464821366 0.46721811323414925 0.0022173748061219624 0.4006968690504904
145.151045410799 867.487722417002 33.48942237466373 766.6550634638111 89.34525652992025 616.2463853883329 13.794654490819621 652.6211008445289 282.13689368616593 675.7489915688809 67.17842497323898 676.0903767009067 -91.6519722891592 53.221807005694444 -82.28899388049578 50708.234528867164 10203.131265722324 0.5070823452886717 0.003241985632788556 0.409822776305015
209.17353464597807 852.8993946322987 107.2009029074755 628.2765815968203 85.01606151251464 833.0697706913793 77.57182942623989 819.7278862686146 24.685344531361306 538.1019893499308 315.7446229936237 637.1613183915341 -77.97589097748413 -78.07959817942684 -78.0380359999634 115106.56114930117 19340.60719817467 1.1510656114930118 0.001450056327597104 1.1075639216650988
140.77484004410783 877.3334804959455 27.784318181833754 797.6618208625206 79.88391929080936 557.3097826765811 12.102973384278785 540.2115465276652 281.9885400412376 738.2820658924754 84.30183832576627 681.8257431965137 -94.02793542972437 1.487115366342604 -92.22278114569117 118648.4911999545 27196.106075361735 1.186484911999545 0.008549464493691157 0.9300009771888104
94.45272491984485 699.3042731698545 300.2954598368603 732.2810811216297 290.7545715360397 801.4423166627802 68.8212415162962 709.3589517781929 227.98284552457963 513.8439131743503 162.2105730020748 840.1822028681734 -76.23561717081037 11.362714733115993 -72.50132105083395 48640.48377650155 20705.84123863251 0.4864048377650155 0.002608419261767739 0.40815225991198334
147.60406333786676 848.6096469447402 253.3004455261687 718.3386124129335 263.9268303496962 653.7562775370504 57.845674032891246 709.043124075909 287.36717136235393 506.90554946635336 166.78797419551103 768.8910089938547 -75.9077441064105 26.541117430287414 -89.13654788633944 89859.40242121406 26648.55151501649 0.8985940242121406 0.0017495236305810468 0.8461083152947092
128.82788359027856 588.4629972725116 319.16853763411285 751.4385385258338 17.466391290820482 579.7850224323531 310.0005755351373 518.5659428521718 181.30714084860966 847.1620087392778 63.44334287696403 726.186615860144 -69.87315238517407 72.17128111901522 56.3447952537338 78842.83204908913 25356.63348083218 0.7884283204908914 0.005131065720739381 0.63449634886871
199.84780902667438 851.4512783933528 145.00753837442068 766.6806240261513 290.93243419414716 670.1067581951944 86.78961275786105 717.0757336999856 273.2012349064602 504.4763735980543 181.5470687813233 842.460092326983 -69.12921427881184 -43.375577058817186 -94.65443969221451 242234.44022391379 42821.28865319069 2.422344402239138 0.00945800693443722 2.138604194206021
207.12562706712956 861.3153165851455 106.52357534946937 627.3663809700626 84.88238644537881 835.4030204418553 79.75990653770833 818.3491768971572 20.684623541404584 538.3687191149472 317.2893919888546 638.108285332634 -77.50805493491198 -78.52558975998872 -77.81757786463169 105699.458080338 18897.36317741947 1.05699458080338 0.0007753595519293373 1.0337337942454998
198.52321368724998 852.8778625004163 143.62536762597426 763.4046034895289 294.55312945746937 669.0574178445976 84.21361968560765 711.644258827846 272.6807834414101 505.9037433622531 181.25210862723685 842.3242395473235 -68.80257122354965 -43.36074532716551 -94.67452745632195 273935.1987535486 71647.76113308607 2.739351987535486 0.0236185000558643 2.030796985859557
153.28833660503523 777.9622651763643 179.20938964101606 764.0676990598478 91.22290501753508 895.551241152745 114.28316920387309 819.5709667212033 77.38721229827387 545.3692939323412 351.8677315026639 628.5572122897255 -61.06517802610523 -68.17226059499966 -47.16816492852587 102670.97769661302 17739.417893608297 1.0267097769661302 0.003010253819926977 0.9364021623683209
71.97012730882395 568.9737655459938 322.9778997451973 740.2755970811678 347.2139423048609 560.9298260679509 333.6103127563475 549.1425081226757 134.66906227740074 787.1348772616177 65.83727333441185 733.4232137836025 -68.5602415495627 -27.200133949669052 55.64652656990688 69129.18335818434 10642.72736417709 0.6912918335818434 0.007274039657617594 0.4730706438533156
210.53806299101745 857.937314177755 105.26707816409542 641.1582158147056 85.10793375515226 832.8115187187693 75.63575258433231 827.4214879455883 26.822240592482263 537.9836828645546 317.2176089806925 636.7036199053396 -77.37081835564352 -78.37295882975182 -77.3249925678451 170366.80460508354 66668.96864823413 1.7036680460508353 0.014278988867903731 1.2752983800137234
201.6608709875783 852.5563398162888 146.11862426044976 765.8641884044589 280.80181111557056 670.4341697902727 84.65049110074241 714.6082313812971 275.2754499619552 502.8338291113031 184.2247510982584 837.9603385730065 -68.51689014210773 -43.493391663442935 -94.400383496101 292219.4193593187 82997.40979030289 2.922194193593187 0.02433868334551317 2.192033693227792
199.56886141068412 711.1302944040142 214.841329682273 568.1518027929116 131.02291633854787 767.665092361726 142.21864758330705 632.1510032317866 241.3771114874778 801.2966442013919 308.34764240488255 734.8334875510008 -10.35007793453596 50.15951280441496 17.036229365765706 75615.66060161007 17972.229919153113 0.7561566060161007 0.004074167628164654 0.6339315771711611
42.82774176206655 849.9383898891515 45.357272607166934 556.5070392112625 191.02288383730595 813.4330669480836 95.33885047115177 585.0166295854341 268.3297555437003 804.3141254889898 188.9561722626568 795.3505944206017 18.860730181581516 61.045079922285055 -35.13004216569719 81316.98054905227 17562.437833104545 0.8131698054905226 0.003080050804200895 0.7207682813644958
207.11156949132481 847.4984499806244 146.8077272765846 768.9697263828656 288.84082423021334 680.2203588524126 83.47812923429288 713.0060392161092 277.40408921741346 502.52387102848934 178.39533603273858 844.0941940960702 -68.53034809746056 -43.11653146245798 -94.52248659910475 171382.11026558868 35067.51231840186 1.7138211026558867 0.014752001369261594 1.2712610615780389
139.79638968290337 879.0286237002365 26.93936341314841 795.6693953582585 78.49958082031898 556.8325472829821 11.430296775546605 536.0812632812438 283.27644358658466 734.3457029688756 84.83760443901582 679.1288949277935 -94.02997728245361 1.4910765101500956 -92.5121535367973 140345.72645739044 20170.43011256907 1.4034572645739045 0.00965051702982206 1.1139417536792426
207.61169091519267 858.2567050419572 109.17379077497787 632.8002609147704 85.05769135208027 836.7675115718758 74.8564505193142 819.2123621003827 23.069631976864574 537.9088194498462 321.5793095937678 638.4172878384607 -77.08358909510612 -78.72567968454446 -77.6050096144792 126768.12902624875 27394.086473576226 1.2676812902624874 0.004957407693126954 1.118959059468679
138.63882083060548 878.1338046008149 26.70523420977422 794.8582132343652 82.64281710606704 554.7179170192131 9.787841795680567 534.2228530316013 281.9681431097168 741.8259919688309 83.40635314253821 682.7267081715311 -94.12403603635971 1.5511111211990891 -92.60985676375813 227013.14439600855 59516.39925969553 2.2701314439600853 0.0005752789083167627 2.2528730767105825
250.33109821808307 673.1187396293476 205.32487884709644 783.6235229015658 78.88319899637793 879.5013049702353 64.64435563384193 788.6910072110041 42.82662549336733 532.7617157115596 293.80689902371864 635.164045780942 75.77189899089348 -65.83685354701505 -69.37608452218257 305765.9514407931 112384.15734512526 3.057659514407931 0.006724503681198603 2.855924403971973
193.48029242527574 845.7757334840227 85.82321055200664 601.2124446202042 12.665417962441374 813.3894904642502 154.41188153758873 788.9593089305075 20.12669610255855 525.731132748138 258.1316731205673 636.5626133850444 -85.11991952473683 -84.99856579846502 -83.74540481633177 152162.44790060667 52512.37179135049 1.5216244790060667 0.013623555631116242 1.1129178100725794
199.44721341402143 855.3750759739331 156.04327128451123 766.6647556250327 288.7245933519741 677.7703767296083 87.05714535651602 716.067583578869 284.4173518019204 502.38126004651775 177.83314211526 844.1838532207232 -68.6357445641496 -43.59295925645589 -94.73076361207116 232701.8464825742 34305.102650474575 2.327018464825742 0.0037662580518089397 2.214030723271474
201.38724041906124 852.2610509666913 144.8192975405142 762.4888001594583 292.18566163186034 672.3802914198484 85.35867476624642 712.284221137934 276.90241720644883 502.9878582454763 183.00982871610165 839.8514810520686 -68.6884600134484 -43.2297338418867 -94.0992213590915 183412.48093936095 31655.26611688316 1.8341248093936096 0.010486506780105318 1.51952960599045
73.54011704706717 871.4906108829288 288.2158005410624 747.5005379177956 183.3997186292593 788.4920688146776 129.464735353846 669.82275038423 114.50227286836292 547.5163534043351 72.54397632958089 773.1718971114265 -85.29873194652568 55.45563164156559 -25.949590335524277 58814.04470420846 8696.491311225156 0.5881404470420847 0.00407647090982289 0.465846319747398
183.39477126871012 864.9145118585143 74.7937182474176 589.1666270617997 110.21475452129742 855.3740488100287 91.66568509316485 721.5534733405844 48.94930704480111 681.9391066518526 298.0939527382614 775.265529838603 -89.14975456465575 -59.16202497819121 -84.36951582694216 86402.79832821334 39592.650632201985 0.8640279832821333 0.007207160999716778 0.6478131532906299
201.53597445088255 859.3244813691409 146.32795544353385 765.1023701472336 289.13188078307087 665.7050179794317 87.1636956503952 714.2903312191681 270.2004110312579 502.3745680932805 182.7113718067727 845.4670130995667 -68.26605668833987 -43.293519822508024 -94.14765459069442 124405.58596690626 28010.807148310232 1.2440558596690627 0.004775624377876808 1.1007871283327586
199.25240106291244 850.8717651736588 143.37561767009694 767.9154600425164 279.02489027280467 671.5377127242352 84.12251051467483 713.9429947852589 272.07354225274344 506.22996968212834 180.8158396174771 842.3404171956101 -68.67291031513565 -43.75330299586667 -94.20257597885382 305697.28302864934 46213.1047839424 3.0569728302864934 0.007740096148454154 2.824769945832869
200.38383170925775 856.0118535512366 146.06143017772513 765.398579572786 290.29926791753405 666.3970329107744 86.51297111190738 711.4309075926952 265.64655026118317 501.32323343013195 183.19488057635348 843.8702518650668 -68.66032656835256 -43.552290487305484 -94.15488506742865 338413.7144087578 58055.098289929156 3.3841371440875783 0.01201526926945292 3.0236790660039907
138.86316968839728 877.5904985826776 26.939324300746883 801.0109184292356 78.49084858292176 553.843178809227 9.347555681600285 534.710658808837 280.96137925180955 734.7731347607132 84.84947357978199 678.6138120641505 -94.22646657007452 1.5565542140537845 -92.28748114094977 194336.05512793016 29944.65001454908 1.9433605512793015 0.008865024194984828 1.6774098254297567
136.55804461508276 882.3065685231654 20.536573450966277 641.0432457076917 80.79877424178639 549.0269784682483 250.95480968847502 708.6023899602126 322.84685696114593 778.4584931871561 192.63712151493561 584.3527629301498 -8.221930646329014 8.285448661027715 -90.13936093845538 99715.01163659905 15069.062058584483 0.9971501163659906 0.002942591156430585 0.908872381673073
14.601635407981082 879.4950361027513 67.76500774080266 600.4063788852799 74.49530732874659 886.5719280314854 119.59051905264484 516.3030983472011 250.21468438679142 706.1558368247087 252.01031078648776 728.2948174954338 23.075471158668236 78.26873187297937 -19.142742855815868 134856.47809017985 28586.318110846252 1.3485647809017984 0.00598794019705889 1.1689265749900317
0.019205763789551078 884.5239509382852 44.22019650631397 541.0911344928124 151.44566642241276 862.5689113966796 136.46903543379366 596.6326145770965 249.54875747265848 813.6989937492949 257.8446269099129 734.8680917659024 19.947905463726883 38.764017777948844 -19.34320115640433 97199.44341822954 28691.42016618924 0.9719944341822954 0.007776758611750445 0.738691675829782
136.08887788369458 876.9360717360803 27.916035143197213 797.364193893612 74.43405527237555 555.3735022751825 10.16895703698851 537.9965892273091 281.13370638461623 732.841641884565 85.13376850741243 679.723488983867 -93.75640721373426 1.6920347548370778 -92.76728114670007 150137.4459289532 52234.668348165986 1.5013744592895322 0.014478183422802708 1.067028956605451
128.02572480557748 836.3447936605279 275.38762611177236 787.6790103754965 23.519871775670126 628.2697871516677 35.02204052470353 681.9455138965628 100.87383171865494 702.996718637125 66.77386061010674 821.5001213448861 7.846891744093853 -62.61330072125613 34.101891410650296 139117.7131489895 26078.745081186804 1.391177131489895 0.0062082422953472355 1.204929862629478
21.718881574200882 804.992966920852 141.44014086456588 566.1135372075803 206.48137289656788 627.0551961573185 169.6438769157357 569.2873605300734 110.67683473081934 724.4371749303627 208.97055752123572 716.2814047057469 -82.76754844065101 65.20156723586828 48.401533491780384 39995.574981311736 10434.371335295722 0.3999557498131174 0.004248746668068908 0.2724933497710501
138.16426379966546 885.8817051294477 27.635498827303238 796.1784009426592 79.55544086007255 545.580142044216 2.2125819182922912 527.8219208957237 279.86995352362015 747.7154378873417 87.84272564081992 672.385464106925 -94.08408184498559 1.7999692207473545 -92.12288080518603 186742.29022412674 36459.33095322605 1.8674229022412676 0.01301137743349925 1.4770815792362901
140.1516089492389 878.2813714918223 27.7126713417089 796.90724354898 74.46016594870929 555.9663782495572 9.420242101566828 540.0841619740575 282.77940432483706 733.318079478561 81.46108151993883 682.5100275769843 -94.46501060619356 1.6207749340992477 -92.60569106366367 129444.46840877447 19015.514466069588 1.2944446840877446 0.005166197794780158 1.1394587502443398
200.4613568122945 857.3732687910208 136.34333896874412 757.23429335255 286.6209580536017 667.6397326226376 85.15556903357574 723.189783531298 273.5016430986996 501.2777840629305 179.80542570927352 847.981507110993 -68.70848323799945 -43.394611637950185 -94.58260084166518 124636.3172773499 23641.142173035514 1.246363172773499 0.009173476028032678 0.9711588919325186
200.04443541830378 853.4787873227635 145.44484145526712 762.3681045220535 293.1418001038706 670.6990085801417 86.31372189674495 716.3207245459154 274.3439879645211 506.0721833019571 184.29024673455876 839.4837142787264 -69.04945763232794 -43.15636746168467 -93.99168036217097 153075.03674276307 42723.340017408664 1.5307503674276308 0.0037913884409461465 1.4170087141992465
131.83197170657402 878.7290726915783 338.60553378708323 726.0957931774374 17.986751828092586 573.7861098175762 80.20467523095165 558.7507254754347 350.25540288540446 833.4792850427648 64.38231745456015 580.9286434327086 -22.481932558130694 97.76760834370762 38.08127022016487 40737.21829743615 10223.956854721568 0.4073721829743615 0.0010138191918581127 0.37695760721861815
252.70158419480276 817.5174019193064 96.97979837584072 666.0826475014774 105.42313587054218 873.3537875076304 42.93111165599025 774.2929711985737 10.843635683516277 614.8795371472752 337.72720953356844 696.7200649527293 -79.10011454131924 -91.37714035173623 -93.30817604247446 70044.16342755605 19215.149681843348 0.7004416342755605 0.003493126979499155 0.5956478248905859
199.923078379341 852.1647094278057 138.486898277873 759.4068713063724 286.333304971489 670.6065330614479 77.27420919879205 717.103603375823 266.6953659755671 501.67411133107476 179.8877866306699 835.3828780728498 -69.08465937336923 -43.18962018580491 -94.589312698858 155586.648545828 29153.55148064375 1.5558664854582802 0.010492072979922358 1.2411042960606093
0.9920421686836969 879.7303667040549 52.032357468493224 543.1735700152759 144.43309670117267 865.4195379625604 129.6964540336057 586.2201714453792 257.31344165333263 808.7176280621321 247.6623888603659 746.2590236928274 19.778395679381244 38.346532655627506 -18.774739001094076 206733.4506570679 36503.40648713199 2.067334506570679 0.002276046900013404 1.9990530995702769
148.3959786951212 822.7866431670412 250.9135302056638 646.9975523447525 192.05221241854838 608.9748385221319 207.17264489920558 533.9349670254973 223.961560658778 753.0196319151174 125.91630137197629 654.0423372835266 -83.01903742178234 -30.303925132689677 16.851145295570547 109928.4045970612 40625.6107829687 1.099284045970612 0.006315156304880892 0.9098293568241851
144.08051143832958 826.1476181565471 142.43049813179914 800.0117150439248 83.83257907499494 672.1684179840217 65.02536290502573 615.1696604263869 243.3812049266667 661.0597972164965 240.57827901474508 814.3800508084261 -89.80032639581036 -60.1942019577496 -95.27870626740919 215870.56410063183 86433.23511259755 2.158705641006318 0.01932181660230308 1.5790511429372258
138.48144939067527 874.3138825216647 25.096394255606505 796.4397524352989 78.63756560289312 553.0202441818765 8.44161572495435 535.2462494543787 285.7361104316406 737.2421126557975 81.96536289052021 679.8689843381626 -94.05561204073008 1.2574389661467358 -92.77368918495267 131042.4569831155 18121.898614755726 1.310424569831155 0.0034767875927454507 1.2061209420487915
201.72551255906723 851.0833155670241 144.69486774742128 765.0860046209043 289.8700833517713 672.8847802756814 85.21438094809108 712.8349758673743 274.87814079788404 502.75487489662083 178.907841721047 837.0928356805105 -69.16807157987729 -43.59347528534866 -94.14310840628318 125817.38600892901 15636.405586959247 1.25817386008929 0.0014219550031048225 1.2155152099961453
200.72241504370334 858.1259863240354 138.58515109045695 761.3505945856787 288.9021387500335 678.1109925055601 89.76570605776041 715.0918002176637 269.33070294450243 502.7305606081766 183.6070244390519 844.2587287750512 -68.4784639329682 -43.80698737810147 -94.22833349826746 121812.46076882316 22077.35452548258 1.2181246076882315 0.008486949870571128 0.9635161115710977
209.2128262442743 854.0054923343806 108.95214134052591 634.8214478054587 81.66212880276909 836.3242343600566 74.71999243791797 825.1081138786438 21.774134110085328 538.6778118929673 315.5227935713728 638.6101074769614 -77.11607113177658 -78.62262490591272 -77.97834781942306 205088.9756016465 46837.50648880467 2.050889756016465 0.008840805518209224 1.7856655904701886
141.3857514977264 884.5880683955816 7.5780151448279165 696.5488587476141 80.33660996667034 553.6162718927259 19.32712124545491 656.9568258088295 53.767418482768676 775.649388363692 70.93550776454346 823.9328888422016 9.097890215056495 -83.20584567544414 -83.3057892614074 64550.807254190215 17035.499806546733 0.6455080725419021 0.0032351878132796295 0.5484524381435132
191.4141905096649 842.5088843630765 143.14145748843174 698.2150335558972 105.36557593987197 810.3831786994908 88.91239469707189 787.5410707387264 15.664399267527859 526.4487197623745 349.3379214620894 599.7485727608189 -84.34079945856644 -95.7901626480166 -84.02602566478544 64044.98182865675 8382.109139499229 0.6404498182865674 0.0007598547471715229 0.6176541758714218
199.69511894591076 847.9012300595679 138.71159367180812 763.0600938369902 286.85660786973546 671.7895728868943 94.84609604732705 714.8727068690457 266.2903362924991 500.6457980080286 180.67045579840743 846.3782706734632 -68.20904335597812 -42.93465502432366 -94.58649693390129 157967.93222649346 27080.961049498106 1.5796793222649348 0.015169663375201791 1.124589421008881
137.28167642114073 878.0987436876183 28.5785342522219 801.6466066969471 86.7811501768591 554.1754869945735 10.142837717498159 533.364762768357 281.3162046768833 737.0519304506677 80.43315985612396 681.6941912171812 -94.0769580902984 1.2456309353769845 -92.6335210885362 196716.60062628528 73477.78889528777 1.9671660062628529 0.006769584586864153 1.7640784686569282
2.106745286761217 604.0219543760711 30.143024804373756 547.3030446342427 152.8264134798183 852.1203569646366 272.6546858791112 728.9666142720295 29.01345868917403 729.4739160203897 294.80533111621787 691.5233875200269 -47.0584659527922 15.412398046234728 -82.10040759017008 84159.30289048832 25241.66828093819 0.8415930289048833 0.005397714045049226 0.6796616075534065
79.68899448708548 822.4461216063982 134.75719274047617 691.7737371067611 208.4441424108754 695.7034204469851 46.78717960691667 595.4256142881547 215.51344335041298 603.2701316611193 196.85147429176135 784.4678707145189 -83.50252938885697 -45.80809396007111 -92.89240282345712 59492.37459208416 15454.569154582461 0.5949237459208416 0.002129599521811487 0.531035760266497
200.9988079087552 858.8686618099888 141.52076850207118 765.3151158381637 289.66033461112227 671.9993114970976 86.91375723793759 713.9805369353959 280.6447680918815 502.74808094943313 181.50816853109905 843.9536090946797 -68.29477255860948 -42.86512226139855 -94.0715727065656 175531.2633643358 30838.690573794116 1.755312633643358 0.011090858803602985 1.4225868695352686
139.8886546597262 877.9530865612579 28.842889813871295 799.411994279754 77.23374240640597 556.9078564156911 10.418073190919841 534.7482562975053 279.4705568550454 736.903506899354 85.28440514152075 684.3340617355606 -94.17070567808712 2.0097522158458188 -92.56609452883762 154371.78189257652 23249.469928068575 1.5437178189257652 0.008311795127338739 1.2943639651056031
9.566766784734064 874.695942302858 54.14848174915378 546.482301999866 156.10492231907466 854.0370192649922 124.29570490003698 591.0933335336271 257.68646551729483 813.6962399750026 250.65672600992332 750.498196808485 19.501198785198504 38.274578252140564 -19.06733434044947 195955.27213346405 32038.323269802633 1.9595527213346404 0.004104337084199416 1.836422608808658
208.4579351109947 853.1737523726074 103.86783328945752 642.4284242743812 82.0591127844393 833.4459718318855 75.074862186036 832.7957672821261 18.970267063167096 537.9579396580166 315.0935575638783 645.4363270845173 -77.31323450903652 -78.82516694582262 -77.53308285686838 71015.76996592536 13955.844199026764 0.7101576996592535 0.00023679581464365748 0.7030538252199438
214.6043641310964 827.7325127068175 151.69299058288703 597.5951068160515 286.2366017991847 735.2393768837626 185.39863399254094 697.7140444114445 306.2265777991986 501.283429110088 236.86773240630384 858.9821664279209 -7.125555882638906 -47.37222739231004 -1.8316961511273888 61034.27000850877 24101.02737856101 0.6103427000850876 0.005385868789738832 0.4487666363929227
232.00770022957082 858.0010517577991 144.90614951640484 704.646418153386 203.8758147020278 667.9249253567626 84.9343699619644 679.6795605741113 324.048270361443 574.2112264532427 238.60127250499718 815.2357303114405 -58.09261971738442 -64.2082564905669 -90.80280740706925 107209.43066794155 21663.513472205486 1.0720943066794153 0.004266140115364094 0.9441101032184924
132.18758150144214 879.1983279700839 26.527251727417905 797.1825209737982 79.25234303632492 554.6311486164667 16.37108628795516 534.1428929658275 282.2001330460055 733.4663632443637 74.90312943212265 680.2668424832812 -93.96734469560151 2.1116652676577665 -93.0709801843691 112824.33135864905 15717.054128408847 1.1282433135864904 0.005300176920025335 0.9692380059857304
2.786460998333685 879.7164893696952 53.224669208760986 544.951558603591 145.86313895237177 863.430138296628 127.98387704156873 583.0726960977775 254.76930572612434 808.3716773602276 244.93970182785375 746.7797506337438 19.543142001473264 38.3514274861468 -18.633502369905575 237412.28393105732 42540.065402654196 2.3741228393105733 0.009932707291889291 2.0761416205538947
137.1927561333794 852.4378475549711 121.93557991995415 628.8112488707985 264.0638332090375 765.7203475166251 49.34041361932554 755.4176950708194 69.89189145263222 634.0847098313577 300.91930411697564 636.215476686299 17.95270703822814 -54.200978566000174 55.80760362016372 67992.25872683957 22678.065870919527 0.6799225872683957 0.005005738183223624 0.529750441771687
87.99491142591012 873.1503712937097 117.23850405573185 632.9557553300364 142.02798646589292 789.0052594458184 72.58819724185727 534.1865871336734 189.29299886906824 515.6080416185647 285.6874557726246 776.0252560854021 -62.269832261576035 10.632780548121204 -84.95536073200199 97812.02344597882 15799.369985101575 0.9781202344597882 0.004307973377455158 0.8488810331361335
148.6023680670871 877.6195897556075 26.4576623139576 797.2983042191071 83.78042472150219 544.8384357468676 15.917367058132726 535.3085604953749 278.4720960792824 740.7407306079439 78.86273451519877 679.720760434998 -94.2711539992706 1.28440242609519 -92.74749805840483 145348.77089810758 20977.542414115476 1.4534877089810758 0.006092240755505527 1.27072048631591
201.7254489402698 850.5036462462481 146.6738496139949 763.0692255780532 295.7670118149559 671.4568534737664 86.80051004579383 715.0972199470458 275.04971192005996 506.41614263646755 185.15253221335158 842.3572939584977 -68.837434139703 -42.84163497314202 -94.48864410395488 160544.56193211552 30877.34255536063 1.605445619321155 0.003384974184583696 1.503896393783644
209.10050483914054 849.5435252811096 107.66444742078244 637.5749531808315 86.3166825045684 838.9869727589579 79.56431327953189 824.6193434853609 22.550404219614126 547.9535737207067 320.1990299208153 643.996284776717 -77.25602680905493 -78.68845986778055 -77.92356048607238 77670.43136105727 14541.637305914646 0.7767043136105728 0.0022601220924875452 0.7089006508359464
141.82676911096016 877.8246873443201 27.165098653946444 796.3273776236789 71.69595543392275 553.6602571850043 11.107090026544759 538.4724282889632 280.7582661055983 736.545651739152 86.16224416603728 679.3443987664527 -94.14265887890387 1.5075212917311558 -92.54554175788034 177702.2539041057 41277.34387072756 1.7770225390410568 0.00833166723159448 1.5270725220932224
196.22091556396188 898.0780238596362 146.09561823185484 710.7310766646019 287.50615670805337 674.4062943361853 15.165725952446184 727.2997709941263 331.52465651592354 662.1251933171404 233.80895289854337 771.8098773520826 -19.28128519980656 -82.44200836786871 -3.92192672094491 150519.59069758616 60130.29749315641 1.5051959069758616 0.013369875172508584 1.104099651800604
262.17519632141006 858.1331802296303 144.40613810400825 769.404673585392 43.77356022854779 708.7496428218974 36.21330006690867 768.312260494879 261.9835434103052 537.4774849980809 142.93610729666975 789.2261823523304 -76.61565143475862 -48.81946178749013 -92.77364246779621 56242.49697867996 7780.625764343129 0.5624249697867997 0.002043106200692583 0.5011317837660222
208.97656170762744 852.3409040729106 107.72822033985074 642.3627469053957 86.54849136208813 835.7455573097868 73.8608516350103 827.2458401587241 25.432546223122028 547.3936693444857 306.91525306685145 631.8360739803778 -77.44940289064533 -78.06721862422437 -77.80859525479714 139363.3783506531 35051.65002661138 1.3936337835065309 0.007169205473568851 1.1785576192994653
139.54276226538764 877.4550830214478 27.361915263156668 799.68310488622 75.1105938044244 551.6756927221968 9.147435291032139 533.2280323562167 283.2491479192166 735.9400628082225 82.88668423385856 682.1501921200112 -94.54330973561699 1.3526382762801155 -92.6518725853976 159473.46585627197 23957.157614665743 1.5947346585627196 0.006746821002841211 1.3923300284774833
197.38324759184027 812.724385709836 57.58129442582574 705.9255477423939 209.11436770928137 699.3922406336685 243.83125764962895 681.7300154692556 49.510842329021315 675.0089566470044 308.17670736710903 660.4294802360282 -91.69670575513605 35.557896877846176 15.719483085252392 98004.25043994817 13699.580930430266 0.9800425043994816 0.0017938876221735636 0.9262258757342747
69.65339676418343 882.3316344354579 149.72580761724618 719.4678256331174 84.52955519318813 735.9678435165706 86.02796669182155 717.5352713852506 268.7746115164819 550.0990065559795 100.2485642833418 713.7525166755453 -54.852925475486984 5.435962252367631 -96.36233575290896 120634.75859315688 33130.77237420708 1.2063475859315689 0.004970414503682943 1.0572351508210807
1.454114497886347 885.973127713292 52.92728269193144 544.9777421336995 150.8945415198468 863.1609101217555 130.78645058596533 586.9630311438511 249.63369486234438 807.1806564514584 249.01804937134398 738.39431617874 19.1279820961284 38.631759761337165 -19.02849667376308 160787.7896743551 32070.699577901607 1.607877896743551 0.010532957074020265 1.291889184522943
139.19401849046312 877.2179099662405 26.80567129411771 798.0394875633053 77.49968721955025 554.5143683684414 9.823672818246711 533.8292545153457 282.73053727664313 738.5511619320066 80.70711009962356 678.8155959752081 -94.64594751500363 1.821577006920086 -92.21212194598512 260916.6545311317 54997.776392696964 2.609166545311317 0.0056699245899929 2.43906880761153
2.155243568126271 879.7580566830743 59.16183316062114 545.4161669082836 159.28671368942852 864.4973291933144 124.58699795506232 589.5824352051417 254.90881883660967 807.8572936620773 248.92643830802268 745.155237222576 19.71308824102613 38.55358167827337 -19.03604593506213 96829.65527939073 26422.445715601618 0.9682965527939074 0.00789896104219827 0.7313277215279592
136.54693786190603 877.7319870273982 29.165151161021825 796.2996368091742 87.84912666245218 555.4413517662921 9.217771197914615 535.0257765628635 281.53717943778423 738.3146818757989 84.59983183233793 681.7678198188744 -93.76349829657426 1.902701226608683 -92.83848708756155 112255.90921586413 19389.087949331475 1.1225590921586412 0.007919470468258407 0.884974978110889
159.578317363657 687.763958809657 299.1497881912759 540.6483274158608 89.17046800911311 852.5897574151427 164.9732290608271 836.5915453603576 262.8018324319899 725.3601998332257 264.5623522683252 758.8285010345849 1.274336887604477 3.754813727630875 29.428043197125987 64282.177376801366 10454.594346822372 0.6428217737680136 0.0029395149690775867 0.554636324695686
162.6337894617075 593.0611741965314 320.9149350806704 744.5744374652664 352.8143846693351 614.6273843684405 254.4439112695894 559.2978279288117 131.96062430207238 853.0486504132718 96.10776692431938 723.4904887450502 -82.88379205076 93.07607317124001 57.970627346123536 57232.27720963101 9282.958093415398 0.57232277209631 0.001686276443113925 0.5217344788028923
139.93689836632174 868.8605055067927 21.725912243280735 797.704510683304 77.78323881173814 560.2682081443389 10.294986667604043 535.8994617798086 286.0304931946393 737.7537877339846 81.14228499406175 678.0570774766055 -94.05912899391153 1.3509590182090458 -92.77058682737825 153614.13748252907 30568.404656059338 1.5361413748252906 0.005293434656686918 1.377338335124683
0.6997031668584546 877.8327076691032 52.9588270626317 543.725243033229 154.47648864565232 863.94685451699 126.79176096803904 589.0958174238019 256.2690987463508 807.7195277996706 250.11251755213954 746.4468296514559 19.821923858576145 38.33014458262818 -19.06556022327804 86599.32888218324 20270.352416391866 0.8659932888218324 0.006752669523408573 0.6634132031195752
108.42464855814863 787.371422969425 62.972187817787365 552.4725436274523 273.2440217163055 777.0466213883662 209.40708240053425 583.2215401167537 92.85759757926269 704.337285268748 112.30920018499512 748.6275677927314 -13.984684591607419 -75.03894670373836 -20.16685172897924 57038.35199505638 17142.832583011157 0.5703835199505638 0.0030847201212587795 0.47784191631280043
21.021232488235636 725.097514143861 313.27153571063917 566.991682187551 124.01080352348357 845.5882052318468 278.0973410350472 725.7862134274187 255.4600813989719 555.7742897101579 296.3878129602134 839.5982269234944 -13.219768230114 23.338146405743814 -14.449943919784133 109393.66798571794 21334.982150868527 1.0939366798571795 0.008551501084711515 0.837391647315834
208.91719708722988 851.0553646820844 146.87998074813984 764.8649719243639 285.2557911817693 668.8911238419472 85.59793311071866 714.2363306075897 275.8418177479353 509.34625972733295 192.25825538157773 842.4907265103321 -68.67647657652003 -43.38459163527524 -94.68774918855414 266028.00534617377 65533.719920259646 2.660280053461738 0.011815217366284318 2.3058235324732084
199.9039339092605 851.8054947497066 145.61774016213624 767.2320677853105 281.67482826737324 673.7915989131524 84.3741526504512 711.3671813441171 276.5947928346344 502.2732897540799 182.2491162385786 841.1843679425853 -68.86589392426909 -43.57029611152378 -94.32547011811909 156183.9602292132 58431.909124502476 1.5618396022921317 0.0018458151250052067 1.5064651485419756
195.0891060646502 851.9007329151482 145.69808260022725 764.3903783023441 283.40824238210035 675.89107156338 84.89770717375484 713.4013400244593 278.5539875691609 511.496199709742 188.40176926644108 843.2310410980455 -68.53022836481121 -43.2178605386812 -94.49124831605401 195832.21775181263 28460.728491267037 1.958322177518126 0.0012326667870574516 1.9213421739064025
139.20153783227715 878.2717149059316 26.68930766504381 798.574763437093 77.54353267377451 556.1320414342848 10.786029208645607 534.586308223017 282.2917492243609 736.6984977143751 78.2499297538471 680.1511107853144 -94.18114201053315 1.5927860560507678 -92.62918733519425 124136.45614185373 22075.17630237052 1.2413645614185373 0.004809889177533361 1.0970678860925365
138.1084794811143 677.3725904634734 28.55376487306501 688.3695060177068 81.12331225217292 570.0316835969417 331.6157304072306 595.2991224222283 158.23770638644805 775.8317948489091 110.70084616053444 519.2180643387683 43.45085764384942 24.555987124427432 -96.09286101912289 94258.09741577091 17167.613522408676 0.9425809741577091 0.001430278603873519 0.8996726160415036
188.18621669817568 883.9555255221231 119.03464228722473 565.1600686734045 172.10427709838132 849.1008439754339 14.29072342338301 860.8821793728571 25.66568465513238 571.6030932666151 310.250745459365 608.2899475797301 -87.58254697481551 -89.70903580604255 -76.46257111802275 98632.78483525886 30008.240144122512 0.9863278483525887 0.005888881778375993 0.8096613950013088
203.76967395577273 859.6774769285896 147.41746095017854 764.4057525171359 289.9086959036181 673.3057093758692 85.72731914986879 715.1427779633551 267.36492668506736 502.89486427398583 182.78998060572718 843.966121217695 -68.73853456917165 -43.450889521925575 -94.39935643236294 185402.45014962106 43406.65854644963 1.8540245014962105 0.01180827213196496 1.4997763375372617
1.7984860499071358 879.216383268315 52.919877400219775 543.4705619550796 147.4104726423684 861.6580402645044 128.06096546484704 588.2975283845692 252.4733029558199 809.0606427956358 251.28021793572438 748.1663017517072 19.26507909278192 38.345527852479755 -18.907879196638213 97572.65456773208 17779.076316492363 0.9757265456773208 0.006332396883069701 0.7857546391852297
110.77827712781026 872.8883991169848 27.665162561200543 800.3732899798264 80.29620963999731 580.6999822188783 204.56717848314 558.1938787040206 197.4899554098826 667.9879951934167 225.91011212165873 684.8013410143373 -44.713984506828034 -24.15591380677848 -27.30124081325191 60981.68904579367 7899.646434184251 0.6098168904579367 0.0018948666629160066 0.5529708905704566
151.80219785809794 770.72135430437 50.37947415693749 552.942997773239 258.8864409195892 689.9384670619287 174.97700934479784 549.2254556612404 31.347245704985177 778.2424079892048 293.4382969437492 645.6238363017715 -82.57024450816151 -21.09920826794022 34.309730890309766 114970.64682956095 19618.298196645865 1.1497064682956095 0.005947447113830179 0.9712830548807041
208.25488078537225 848.6209989858542 146.9075931324595 773.9139143878355 288.05716460559967 676.4477068447889 93.2202911293157 711.7270773625119 280.3120166630227 500.62622848642724 178.26918376234116 844.1921310706331 -68.49270747483818 -43.474832668796004 -94.76640201075638 114234.94867813574 16068.415066509 1.1423494867813573 0.00874480895393152 0.8800052181634117
1.2499586275406278 878.7059150015654 50.35522449743126 544.7281949749746 155.91830325177153 865.1487200491841 127.46712076485372 592.6907774372712 254.32271242268394 807.6452231879305 248.72936131423737 742.7848919950125 19.684559058041074 38.45484268407467 -18.928445877336326 266505.53597470355 42170.720430978625 2.6650553597470354 0.008867385476333168 2.3990337954570404
2.6615684266053004 869.5563282616406 53.16654232444454 545.9535316024314 150.6339849636532 871.829332484587 131.71058924119362 593.2388799199158 251.8152560679799 805.5314159863348 248.1723507270729 743.8750306794159 19.866629153520798 38.08099237392692 -18.75279343366094 185433.80736776744 41469.958287112946 1.8543380736776744 0.008939799466960597 1.5861440896688566
141.49171831567338 878.1618394229477 25.420537262825906 799.7905139963949 83.44237729073774 556.4340529898867 8.724944326425234 531.815657314693 282.21713355757794 737.5959576206857 83.3350579557101 682.6825185084742 -94.20762533712319 1.3535791227360483 -92.17580780092689 155051.24774634253 26961.62730713319 1.5505124774634251 0.010950420847513498 1.2219998520380202
176.07588667746427 708.9628387862047 143.50722503458655 769.9449096279952 297.26019513122446 707.9916147701981 304.3188857230502 729.833717442299 137.91569840564821 589.6576821097358 201.36548585509328 838.7835272824902 28.668220103472294 -69.80936668978133 -98.40247538789254 295056.4136209941 60909.94035189557 2.9505641362099406 0.01582433603412196 2.4758340551862816
82.36331972312654 881.3264423377465 72.83394255340234 588.6788639697122 202.568867766851 899.8369926539804 165.86296635818778 608.0744629490022 261.0452286514187 796.1793552628556 301.1600774846057 727.1453450403035 23.72859719823994 58.16326855813355 -8.731398120610152 44350.6168429524 14962.780636823076 0.44350616842952395 0.0035296916247624134 0.33761541968665154
139.30374859132525 880.1690551743383 26.651415756365346 789.5929000823555 78.79440746306173 557.0731539883799 5.5407020072711095 538.0088545598207 290.2355885097323 732.500722649008 90.50571357985231 681.839929251899 -93.8433024413153 1.5544729923380265 -92.82717755800552 198140.25901336892 62084.532478998786 1.9814025901336894 0.0019410492446925685 1.9231711127929123
210.08179865648992 855.1121537553252 109.2361422704596 634.6654303359973 76.04635337574747 838.3848925400257 74.25117798518228 822.8645536984768 25.28407923567483 538.1128503685221 315.5608276216684 633.09790186924 -77.84847010411974 -78.5159997022765 -77.83901970734621 96271.1691916538 12861.115999170835 0.9627116919165379 0.0026195753190957132 0.8841244323436666
142.12830039693384 865.8919629827858 27.297493199225112 575.5622550465253 64.5211683020517 598.9948663095322 113.36634517435596 579.2527500084373 53.31085919560921 562.5466682626718 136.55304671818712 727.0453965065735 -58.36908540882723 -60.39229161218324 -69.58813480073196 231543.05509945645 79688.20550822934 2.3154305509945643 0.021842417159970328 1.6601580361954544
107.85727204123629 874.8165698333909 105.42260138659236 699.1063273677926 35.515142880587646 669.7895148779925 10.792860643456484 725.4236466021207 276.9669412924344 629.729828842672 87.10681840190506 704.4750273549871 -84.45569627539092 42.27635553105402 -75.48275290193335 72357.52813174424 17407.38616128712 0.7235752813174423 0.005599351394689693 0.5555947394767515
208.8721216898187 848.5366716566624 108.1657953748835 628.7452685878117 85.8005807823221 836.956787074167 74.9833919880115 819.1881309860095 23.654999502414192 538.4493199579872 308.8355872741921 635.6119374572667 -77.11801408159295 -78.44543517237675 -77.57266509088932 84285.59944817921 10732.146218725005 0.8428559944817922 0.0011677457361473072 0.8078236223973729
210.92590396563986 853.0115239860706 108.73358167191532 636.0908486569627 80.37435294327184 838.6836810737756 73.00212929241448 818.170493114863 23.62403244024776 536.7023475971065 314.9967315242631 637.9124646241396 -77.64672070764199 -78.26236902572298 -77.77312252142825 89959.80731819737 29055.31526981365 0.8995980731819737 0.003662834404779087 0.7897130410386011
209.13477219325912 852.4297626870062 107.87715885728744 627.9626868291306 86.19175215950817 840.0156581521483 82.34407340413787 831.1955180751042 20.481864076839635 546.4699689560954 315.67960075994426 636.9630809593644 -77.10378503068578 -77.83704278656103 -77.85821714886217 124441.17171121703 20165.209579962924 1.2444117171121702 0.0036396788358320957 1.1352213520372074
140.81102210937766 877.252125641257 26.115015447633645 799.6962802628555 78.85134969960676 552.8012671807465 10.563612472412059 535.8929237799322 280.555707414363 736.1025997670512 83.71818140265127 683.8344645085866 -94.56691225421453 1.7006608077771659 -92.34318191879522 229100.21858739597 53022.69141803818 2.2910021858739595 0.005589036017468951 2.123331105349891
142.18639710900308 585.3020998697701 25.977347788161545 801.8012178045262 81.16832758577112 649.0792036905052 69.72250544644626 528.7410477309609 80.22553228765814 755.694505802877 76.7874747651793 762.3623437249244 91.71587592999774 40.27624656817815 -94.69010225312913 90490.90255642006 17364.712619926075 0.9049090255642005 0.0034996140353819164 0.799920604502743
10.783920684149098 884.5218249250131 66.55899594534665 686.2218472601821 351.55529204194454 893.1427020136032 100.3691769096187 604.4571089200438 279.0863107857665 807.7993474095281 252.54450526212585 804.3056662823205 9.539161265076672 35.958632067070226 -26.333541047378375 74589.03371034875 9879.485195345782 0.7458903371034875 0.005124029931949174 0.5921694391450123
209.14955168071867 844.6406584645114 107.84062866267395 635.2986055839035 86.34192323519987 828.7400655480037 65.40954153314132 831.950828533006 14.493542573635803 543.3970290885985 314.201138224224 633.395575388674 -77.54909636642732 -78.43961552188289 -77.56469561891561 156513.51730620253 28158.22350527315 1.565135173062025 0.004516400602123259 1.4296431549983273
140.93128203799122 875.8675115244254 26.581117425067088 795.9609556939773 71.66987829414764 557.2772162938446 8.977601761511469 538.1122613816423 281.91018593116763 735.4420535692224 81.8122123982271 681.3181195224003 -94.36316116600943 1.4921138587952913 -92.38908877683127 213287.20382661975 45785.24926108122 2.1328720382661976 0.006711851735270558 1.931516486208081
12.566937155983673 746.8590095947416 43.005749513403536 615.2350301504204 157.75603274290714 716.877912784933 287.8946275998349 599.3899017345188 122.60051093976327 721.2372358427801 167.53507682356388 820.1099261980562 -38.89357062526339 -69.0872741909151 8.180625369470775 123697.5784397013 15833.797674591135 1.236975784397013 0.0038535560955481247 1.1213691015305693
13.530883325856074 856.106534005924 102.83375125272538 563.809593936321 215.7968377880875 746.6817773734358 182.71126312418605 564.6960965306359 268.32938022462145 833.1373018932577 235.40704054583986 842.4370375900477 10.076078484701753 13.457561507749631 -23.75117554388403 34055.94956806318 7829.1391429762225 0.34055949568063176 0.00200895496607398 0.28029084669841237
138.1774047071462 884.6073201645792 26.238890760096123 798.0910225290057 72.96187336927504 560.4218345560881 9.768231614642842 530.6747539989858 287.23592377113926 733.005088530874 87.60898792757155 680.6152122039654 -94.36455810855836 2.109067226673636 -92.17928508614096 148614.80593170185 28602.08884243282 1.4861480593170184 0.006392184191711516 1.294382533565673
211.5610050878216 852.1151900191371 109.15417172039969 636.3492638482035 91.5177906981923 837.5385204001309 73.97468072642533 821.0028743902656 22.71644075931843 536.3733986013274 310.997228054786 637.7670511600082 -77.74983980138467 -78.67124663225948 -77.94063070176487 145654.4885253875 25923.35013263449 1.456544885253875 0.0064673118166732645 1.262525530753677
209.2169435701917 856.8510313941871 107.43804461575141 635.4554391350496 86.09926473985861 832.9009965617873 79.64440914445984 826.9279736473242 26.78729502641 542.6514573919085 317.2768127178535 638.3373920438534 -77.73511005340258 -78.37463656633457 -77.4248777804635 181260.29848949407 41897.26464256905 1.8126029848949408 0.007075149466358998 1.600348500904171
141.000407783255 878.7457203771932 27.92698017806926 799.368266752435 81.59847896769212 556.6431525087598 9.877758558631557 539.7106098902811 281.43693795178694 736.5876345951427 83.31754372893835 679.7895978471922 -93.88480377152159 1.8939549187240277 -92.24586772085057 173860.10175591047 58698.46166734953 1.7386010175591047 0.012206499416550241 1.3724060350625975
198.53960904462323 662.1670623978885 143.18293667510451 794.7761907695428 282.4648181712767 658.7141075649027 82.06048394363147 802.791710813075 345.32499231506415 538.9199059492618 270.34578202074505 860.8329745531889 -91.92367893135318 -4.470138269925215 -58.24079226175927 142446.62357020317 30827.64736392697 1.4244662357020317 0.007514830339038739 1.1990213255308695
123.67654097583137 872.0594824400957 34.819393168574386 811.3828083543929 277.9538559541582 563.4387068081772 43.995000332849315 536.5452224418249 308.5462838980756 756.5941806977769 214.8462363378992 657.727075696693 -76.0536637267634 0.24094623302086404 -95.62999827730734 103603.67968439068 27176.332407549304 1.0360367968439068 0.0065300633331962475 0.8401348968480193
138.24905759100128 874.7615662813507 26.261679975962085 791.4672984013703 78.72009189415031 557.0685406219729 7.288914724509055 527.5023949300945 279.13141451430863 737.4229481049617 82.27502078864349 689.4501020639981 -94.39357922413937 1.678204825674389 -92.20741794212083 129988.79399463892 35406.11277950416 1.2998879399463892 0.016374697790244697 0.8086470062390483
201.32826045510308 851.272071254124 144.6685025226872 765.6914317068495 292.6299698200891 669.9095073030719 85.25903335917339 714.0225679625228 275.6291550387407 502.4648472682259 183.72854237769164 844.0001069339821 -68.75594468834768 -42.85074525825589 -94.57399033089439 194673.2541882475 50600.708849026196 1.946732541882475 0.010645594170870454 1.6273647167563614
197.02196228125652 696.9021993611391 130.01253945170262 770.8785733470106 265.905236165276 784.7414346946287 176.55388686677966 604.9920670461677 150.36222822662702 505.2001646647029 187.66332347928727 818.4305022908858 -36.367245885524575 -29.35840126629696 31.890526042535953 53696.625239206034 13526.207938530773 0.5369662523920603 0.0019374546753911258 0.47884261213032653
127.16341625353985 840.7901685321721 63.61182910421779 730.5164289035839 17.48468431159211 578.184598275685 55.13985737548746 686.5338901362315 229.10929685308133 590.0321523890223 179.09955549784556 810.0017072492287 -58.582122074181804 21.91365607329371 -71.21098318815969 59805.18178130454 21481.262708650356 0.5980518178130455 0.0011658207569104212 0.5630771951057328
1.0137329828494979 868.2675405129942 52.42145625959509 550.1365875060671 151.03112216528737 863.0430882763739 125.14842574027527 580.6453803489649 246.0746962118172 806.5713903090502 248.02838108636885 746.7666300258356 19.592482546055702 38.074529868164824 -18.96945934713549 89916.74374497561 16426.397119040055 0.8991674374497561 0.005279736507210994 0.7407753422334263
138.53375635070535 878.4352039797154 27.11310252357307 796.9366601731506 86.25329067080989 554.9159009254242 9.37274499428778 531.2236949187244 279.9567212266953 735.3675790198519 82.26170904693538 682.3298390585871 -94.52984175278905 1.758073640257062 -92.9778049021219 146105.22791933644 30816.18996828729 1.4610522791933644 0.007055268537882556 1.2493942230568877
201.0261478095111 856.4073984446571 146.41857899046343 771.5515527701048 287.8510036115867 676.1955004256974 76.73693174915259 710.1293448038241 267.64874381939245 503.37212809078835 182.40952523276314 846.0704498312649 -68.90802052555678 -43.039030992672764 -93.89670762026995 264226.46956387255 64903.88073649503 2.6422646956387257 0.013059535748301047 2.2504786231896943
204.68049447191999 852.9869498127943 107.10192153466498 635.3572832871205 77.61233188419173 838.4885551143442 74.72733953929497 827.2256996278846 21.615925596957318 539.9717873114729 313.328365225266 635.0824489883076 -77.85386018248566 -78.42844704312968 -77.47806716778958 78903.6913007197 20879.56769927063 0.789036913007197 0.001670164084039971 0.7389319904859979
7.5752433055586055 503.5697488227413 55.81816654765731 807.040478071365 154.90071261682058 794.0728277708324 39.18105200144312 780.1184663664158 168.886443062482 803.6239914372177 247.59019289841234 833.4263369314731 95.32112238467823 47.934079738231986 28.138884977462908 67523.85883776231 13844.184118129038 0.6752385883776231 0.0041882246498152415 0.5495918488831658
253.53116149476955 823.1478611682696 159.563037694826 815.2701484854218 58.02213494393972 640.1296976361186 73.0641507413054 687.5983170610764 207.57282923429804 510.4691496858426 206.55811748913587 827.3898754457971 -59.443740454916764 -32.683989517870614 -81.80344560916328 87585.59069373418 23652.49675078727 0.8758559069373417 0.006229934740929433 0.6889578647094587
209.3862642673912 851.5188378166674 108.26353466829651 634.2186382864388 86.33816496241867 838.3871758784711 78.37116754230448 827.625740431262 20.21629398103213 540.0677453253778 313.9602428936747 636.7079243431392 -77.66243035077459 -78.29118425110372 -77.82128426920694 196154.5663468961 81860.86046957917 1.9615456634689612 0.019512132010419073 1.376181703156389
201.0268367981888 852.4643133060431 145.30929300339724 763.7732539585995 288.88908469710896 670.0461023402744 85.67790090427383 713.0942428702541 274.2420856756491 506.5467993781148 180.2892145853503 840.1705980306624 -69.0836178184159 -43.79898558975628 -94.5109909119099 161479.83074309563 24721.184725268784 1.6147983074309564 0.006797365370545541 1.4108773463145903
97.10332084365936 785.8948828464582 217.11091991206234 598.6072408699985 165.72331522392275 816.3430919413188 216.3663176974399 546.6076674182455 112.23642151418696 818.9144370877918 259.0410863185865 719.9640401277682 -46.1560967814886 -20.65036406208027 -32.09281248244798 165281.84184205168 25913.31352679889 1.6528184184205168 0.0036762823223375827 1.5425299487503894
59.62601343314619 855.6541862960362 56.9485257224327 610.3013148710482 31.900683628038845 668.1409557366635 72.12369518000581 625.3187714345095 272.8420556229316 598.9835332675951 164.52332237525863 743.536420581249 -71.77987496523718 -3.215117767625486 -91.24138908137458 61562.67132362763 17830.827021250283 0.6156267132362763 0.0022631365111888766 0.54773261790061
210.52499906788572 861.6587134543538 108.4825642390255 636.212561401083 85.53863638084874 841.0402953107616 73.77643257934267 821.1969204297026 13.526212184452978 535.7711229690376 313.83930955810143 632.8342042965602 -77.53136771158181 -78.20667637298651 -77.69693256753112 136948.4024628348 22634.430744250843 1.3694840246283482 0.004235068414204988 1.2424319722021986
4.13234320563478 878.4158408711563 51.48457155646574 544.4602677324584 142.20851343534864 863.5700142225979 128.60085352573716 590.7845605499042 253.31844610098477 809.6890820326889 252.1727384721267 743.677321510827 19.141715665912347 38.301895323973085 -18.628150234986425 77698.87471370219 12938.634503485686 0.7769887471370218 0.00415703569385572 0.6522776763213503
